-- phpMyAdmin SQL Dump
-- version 4.8.3
-- https://www.phpmyadmin.net/
--
-- Host: 127.0.0.1
-- Generation Time: Nov 04, 2018 at 10:04 PM
-- Server version: 10.1.35-MariaDB
-- PHP Version: 7.2.9

SET SQL_MODE = "NO_AUTO_VALUE_ON_ZERO";
SET AUTOCOMMIT = 0;
START TRANSACTION;
SET time_zone = "+00:00";


/*!40101 SET @OLD_CHARACTER_SET_CLIENT=@@CHARACTER_SET_CLIENT */;
/*!40101 SET @OLD_CHARACTER_SET_RESULTS=@@CHARACTER_SET_RESULTS */;
/*!40101 SET @OLD_COLLATION_CONNECTION=@@COLLATION_CONNECTION */;
/*!40101 SET NAMES utf8mb4 */;

--
-- Database: `student_management_system`
--

-- --------------------------------------------------------

--
-- Table structure for table `admin`
--

CREATE TABLE `admin` (
  `A_id` int(10) NOT NULL,
  `A_name` varchar(100) NOT NULL,
  `A_password` varchar(100) NOT NULL
) ENGINE=InnoDB DEFAULT CHARSET=latin1;

--
-- Dumping data for table `admin`
--

INSERT INTO `admin` (`A_id`, `A_name`, `A_password`) VALUES
(1, 'parth_shah', 'parth4299');

-- --------------------------------------------------------

--
-- Table structure for table `attendance`
--

CREATE TABLE `attendance` (
  `rollno` int(100) NOT NULL,
  `name` varchar(100) NOT NULL,
  `subject` varchar(100) NOT NULL,
  `date` date NOT NULL,
  `status` int(100) NOT NULL,
  `sem` int(100) NOT NULL
) ENGINE=InnoDB DEFAULT CHARSET=latin1;

--
-- Dumping data for table `attendance`
--

INSERT INTO `attendance` (`rollno`, `name`, `subject`, `date`, `status`, `sem`) VALUES
(1724020, 'Yash Gill', 'Big Data', '2018-09-06', 1, 7),
(1724014, 'Harsh Parekh\r\n', 'Big Data', '2018-09-06', 1, 7),
(1724014, 'Harsh Parekh\r\n', 'Big Data', '2018-09-07', 1, 7),
(1724020, 'Yash Gill', 'Big Data', '2018-09-07', 0, 7),
(1724020, 'Yash Gill', 'Big Data', '2018-09-14', 0, 7),
(1724014, 'Harsh Parekh\r\n', 'Big Data', '2018-09-14', 0, 7),
(1724020, 'Yash Gill', 'Big Data', '2018-09-20', 1, 7),
(1724014, 'Harsh Parekh\r\n', 'Big Data', '2018-09-20', 1, 7),
(1724020, 'Yash Gill', 'Big Data', '2018-09-21', 1, 7),
(1724014, 'Harsh Parekh\r\n', 'Big Data', '2018-09-21', 1, 7),
(1724020, 'Yash Gill', 'Big Data', '2018-09-27', 1, 7),
(1724014, 'Harsh Parekh\r\n', 'Big Data', '2018-09-27', 1, 7),
(1724020, 'Yash Gill', 'Big Data', '2018-09-28', 1, 7),
(1724014, 'Harsh Parekh\r\n', 'Big Data', '2018-09-28', 0, 7),
(1724020, 'Yash Gill', 'Big Data', '2018-10-04', 1, 7),
(1724014, 'Harsh Parekh\r\n', 'Big Data', '2018-10-04', 1, 7),
(1724014, 'Harsh Parekh\r\n', 'Big Data', '2018-10-05', 1, 7),
(1724020, 'Yash Gill', 'Big Data', '2018-10-05', 0, 7),
(1724020, 'Yash Gill', 'Big Data', '2018-10-11', 1, 7),
(1724014, 'Harsh Parekh\r\n', 'Big Data', '2018-10-11', 1, 7),
(1724020, 'Yash Gill', 'Big Data', '2018-10-12', 1, 7),
(1724014, 'Harsh Parekh\r\n', 'Big Data', '2018-10-12', 1, 7),
(1724014, 'Harsh Parekh\r\n', 'Big Data', '2018-10-18', 1, 7),
(1724020, 'Yash Gill', 'Big Data', '2018-10-18', 0, 7),
(1724020, 'Yash Gill', 'Big Data', '2018-10-19', 1, 7),
(1724014, 'Harsh Parekh\r\n', 'Big Data', '2018-10-19', 1, 7),
(1724020, 'Yash Gill', 'Big Data', '2018-10-25', 1, 7),
(1724014, 'Harsh Parekh\r\n', 'Big Data', '2018-10-25', 1, 7),
(1724020, 'Yash Gill', 'Big Data', '2018-10-26', 1, 7),
(1724014, 'Harsh Parekh\r\n', 'Big Data', '2018-10-26', 1, 7),
(1724014, 'Harsh Parekh\r\n', 'Big Data', '2018-11-01', 1, 7),
(1724020, 'Yash Gill', 'Big Data', '2018-11-01', 0, 7),
(1724020, 'Yash Gill', 'Big Data', '2018-11-02', 0, 7),
(1724014, 'Harsh Parekh\r\n', 'Big Data', '2018-11-02', 0, 7),
(1414088, 'Shubham Chavan', 'Web Programming-II', '2018-09-04', 1, 5),
(1724016, 'Parth Shah', 'Web Programming-II', '2018-09-04', 0, 5),
(1724018, 'Bhavya Gada', 'Web Programming-II', '2018-09-04', 1, 5),
(1614074, 'Harshil Gogri\r\n', 'Web Programming-II', '2018-09-04', 1, 5),
(1724009, 'Bhagyashree Sawant\r\n', 'Web Programming-II', '2018-09-04', 1, 5),
(1614064, 'Jishna Jayan\r\n', 'Web Programming-II', '2018-09-04', 1, 5),
(1724001, 'Darshan Goswami\r\n', 'Web Programming-II', '2018-09-04', 1, 5),
(1724003, 'Palak Shah', 'Web Programming-II', '2018-09-04', 1, 5),
(1614085, 'Stuti Mangalvedhe\r\n', 'Web Programming-II', '2018-09-04', 1, 5),
(1614101, 'Karan Prajapati\r\n', 'Web Programming-II', '2018-09-04', 1, 5),
(1614107, 'Meet Shah\r\n', 'Web Programming-II', '2018-09-04', 1, 5),
(1724018, 'Bhavya Gada', 'Web Programming-II', '2018-09-05', 1, 5),
(1614074, 'Harshil Gogri\r\n', 'Web Programming-II', '2018-09-05', 1, 5),
(1724009, 'Bhagyashree Sawant\r\n', 'Web Programming-II', '2018-09-05', 1, 5),
(1614064, 'Jishna Jayan\r\n', 'Web Programming-II', '2018-09-05', 1, 5),
(1724001, 'Darshan Goswami\r\n', 'Web Programming-II', '2018-09-05', 1, 5),
(1724003, 'Palak Shah', 'Web Programming-II', '2018-09-05', 1, 5),
(1614085, 'Stuti Mangalvedhe\r\n', 'Web Programming-II', '2018-09-05', 1, 5),
(1614101, 'Karan Prajapati\r\n', 'Web Programming-II', '2018-09-05', 1, 5),
(1614107, 'Meet Shah\r\n', 'Web Programming-II', '2018-09-05', 1, 5),
(1414088, 'Shubham Chavan', 'Web Programming-II', '2018-09-05', 0, 5),
(1724016, 'Parth Shah', 'Web Programming-II', '2018-09-05', 0, 5),
(1414088, 'Shubham Chavan', 'Web Programming-II', '2018-09-11', 1, 5),
(1724016, 'Parth Shah', 'Web Programming-II', '2018-09-11', 0, 5),
(1724009, 'Bhagyashree Sawant\r\n', 'Web Programming-II', '2018-09-11', 1, 5),
(1614064, 'Jishna Jayan\r\n', 'Web Programming-II', '2018-09-11', 1, 5),
(1724001, 'Darshan Goswami\r\n', 'Web Programming-II', '2018-09-11', 1, 5),
(1724003, 'Palak Shah', 'Web Programming-II', '2018-09-11', 1, 5),
(1614085, 'Stuti Mangalvedhe\r\n', 'Web Programming-II', '2018-09-11', 1, 5),
(1614101, 'Karan Prajapati\r\n', 'Web Programming-II', '2018-09-11', 1, 5),
(1614107, 'Meet Shah\r\n', 'Web Programming-II', '2018-09-11', 1, 5),
(1724018, 'Bhavya Gada', 'Web Programming-II', '2018-09-11', 0, 5),
(1614074, 'Harshil Gogri\r\n', 'Web Programming-II', '2018-09-11', 0, 5),
(1414088, 'Shubham Chavan', 'Web Programming-II', '2018-09-12', 1, 5),
(1724016, 'Parth Shah', 'Web Programming-II', '2018-09-12', 1, 5),
(1724018, 'Bhavya Gada', 'Web Programming-II', '2018-09-12', 1, 5),
(1614074, 'Harshil Gogri\r\n', 'Web Programming-II', '2018-09-12', 1, 5),
(1614064, 'Jishna Jayan\r\n', 'Web Programming-II', '2018-09-12', 1, 5),
(1724001, 'Darshan Goswami\r\n', 'Web Programming-II', '2018-09-12', 1, 5),
(1724003, 'Palak Shah', 'Web Programming-II', '2018-09-12', 1, 5),
(1614085, 'Stuti Mangalvedhe\r\n', 'Web Programming-II', '2018-09-12', 1, 5),
(1614101, 'Karan Prajapati\r\n', 'Web Programming-II', '2018-09-12', 1, 5),
(1614107, 'Meet Shah\r\n', 'Web Programming-II', '2018-09-12', 1, 5),
(1724009, 'Bhagyashree Sawant\r\n', 'Web Programming-II', '2018-09-12', 0, 5),
(1414088, 'Shubham Chavan', 'Web Programming-II', '2018-09-18', 1, 5),
(1724016, 'Parth Shah', 'Web Programming-II', '2018-09-18', 1, 5),
(1724018, 'Bhavya Gada', 'Web Programming-II', '2018-09-18', 1, 5),
(1614074, 'Harshil Gogri\r\n', 'Web Programming-II', '2018-09-18', 1, 5),
(1724009, 'Bhagyashree Sawant\r\n', 'Web Programming-II', '2018-09-18', 1, 5),
(1614064, 'Jishna Jayan\r\n', 'Web Programming-II', '2018-09-18', 1, 5),
(1724001, 'Darshan Goswami\r\n', 'Web Programming-II', '2018-09-18', 1, 5),
(1724003, 'Palak Shah', 'Web Programming-II', '2018-09-18', 1, 5),
(1614085, 'Stuti Mangalvedhe\r\n', 'Web Programming-II', '2018-09-18', 1, 5),
(1614101, 'Karan Prajapati\r\n', 'Web Programming-II', '2018-09-18', 0, 5),
(1614107, 'Meet Shah\r\n', 'Web Programming-II', '2018-09-18', 0, 5),
(1414088, 'Shubham Chavan', 'Web Programming-II', '2018-09-19', 1, 5),
(1724016, 'Parth Shah', 'Web Programming-II', '2018-09-19', 0, 5),
(1724018, 'Bhavya Gada', 'Web Programming-II', '2018-09-19', 1, 5),
(1614074, 'Harshil Gogri\r\n', 'Web Programming-II', '2018-09-19', 1, 5),
(1724009, 'Bhagyashree Sawant\r\n', 'Web Programming-II', '2018-09-19', 1, 5),
(1614085, 'Stuti Mangalvedhe\r\n', 'Web Programming-II', '2018-09-19', 1, 5),
(1614101, 'Karan Prajapati\r\n', 'Web Programming-II', '2018-09-19', 1, 5),
(1614107, 'Meet Shah\r\n', 'Web Programming-II', '2018-09-19', 1, 5),
(1614064, 'Jishna Jayan\r\n', 'Web Programming-II', '2018-09-19', 0, 5),
(1724001, 'Darshan Goswami\r\n', 'Web Programming-II', '2018-09-19', 0, 5),
(1724003, 'Palak Shah', 'Web Programming-II', '2018-09-19', 0, 5),
(1414088, 'Shubham Chavan', 'Web Programming-II', '2018-09-25', 0, 5),
(1724016, 'Parth Shah', 'Web Programming-II', '2018-09-25', 0, 5),
(1724018, 'Bhavya Gada', 'Web Programming-II', '2018-09-25', 0, 5),
(1614074, 'Harshil Gogri\r\n', 'Web Programming-II', '2018-09-25', 0, 5),
(1724009, 'Bhagyashree Sawant\r\n', 'Web Programming-II', '2018-09-25', 0, 5),
(1614064, 'Jishna Jayan\r\n', 'Web Programming-II', '2018-09-25', 0, 5),
(1724001, 'Darshan Goswami\r\n', 'Web Programming-II', '2018-09-25', 0, 5),
(1724003, 'Palak Shah', 'Web Programming-II', '2018-09-25', 0, 5),
(1614101, 'Karan Prajapati\r\n', 'Web Programming-II', '2018-09-25', 0, 5),
(1614107, 'Meet Shah\r\n', 'Web Programming-II', '2018-09-25', 0, 5),
(1614085, 'Stuti Mangalvedhe\r\n', 'Web Programming-II', '2018-09-25', 0, 5),
(1414088, 'Shubham Chavan', 'Web Programming-II', '2018-09-26', 1, 5),
(1724016, 'Parth Shah', 'Web Programming-II', '2018-09-26', 1, 5),
(1724018, 'Bhavya Gada', 'Web Programming-II', '2018-09-26', 1, 5),
(1614074, 'Harshil Gogri\r\n', 'Web Programming-II', '2018-09-26', 1, 5),
(1724009, 'Bhagyashree Sawant\r\n', 'Web Programming-II', '2018-09-26', 1, 5),
(1614064, 'Jishna Jayan\r\n', 'Web Programming-II', '2018-09-26', 1, 5),
(1724001, 'Darshan Goswami\r\n', 'Web Programming-II', '2018-09-26', 1, 5),
(1724003, 'Palak Shah', 'Web Programming-II', '2018-09-26', 1, 5),
(1614085, 'Stuti Mangalvedhe\r\n', 'Web Programming-II', '2018-09-26', 1, 5),
(1614101, 'Karan Prajapati\r\n', 'Web Programming-II', '2018-09-26', 1, 5),
(1614107, 'Meet Shah\r\n', 'Web Programming-II', '2018-09-26', 1, 5),
(1414088, 'Shubham Chavan', 'Web Programming-II', '2018-10-02', 1, 5),
(1724016, 'Parth Shah', 'Web Programming-II', '2018-10-02', 1, 5),
(1724018, 'Bhavya Gada', 'Web Programming-II', '2018-10-02', 1, 5),
(1614074, 'Harshil Gogri\r\n', 'Web Programming-II', '2018-10-02', 1, 5),
(1724009, 'Bhagyashree Sawant\r\n', 'Web Programming-II', '2018-10-02', 1, 5),
(1614064, 'Jishna Jayan\r\n', 'Web Programming-II', '2018-10-02', 1, 5),
(1724001, 'Darshan Goswami\r\n', 'Web Programming-II', '2018-10-02', 1, 5),
(1724003, 'Palak Shah', 'Web Programming-II', '2018-10-02', 1, 5),
(1614085, 'Stuti Mangalvedhe\r\n', 'Web Programming-II', '2018-10-02', 1, 5),
(1614101, 'Karan Prajapati\r\n', 'Web Programming-II', '2018-10-02', 1, 5),
(1614107, 'Meet Shah\r\n', 'Web Programming-II', '2018-10-02', 1, 5),
(1414088, 'Shubham Chavan', 'Web Programming-II', '2018-10-03', 1, 5),
(1724016, 'Parth Shah', 'Web Programming-II', '2018-10-03', 1, 5),
(1724018, 'Bhavya Gada', 'Web Programming-II', '2018-10-03', 1, 5),
(1614074, 'Harshil Gogri\r\n', 'Web Programming-II', '2018-10-03', 1, 5),
(1724009, 'Bhagyashree Sawant\r\n', 'Web Programming-II', '2018-10-03', 1, 5),
(1614064, 'Jishna Jayan\r\n', 'Web Programming-II', '2018-10-03', 1, 5),
(1724001, 'Darshan Goswami\r\n', 'Web Programming-II', '2018-10-03', 1, 5),
(1724003, 'Palak Shah', 'Web Programming-II', '2018-10-03', 1, 5),
(1614085, 'Stuti Mangalvedhe\r\n', 'Web Programming-II', '2018-10-03', 1, 5),
(1614101, 'Karan Prajapati\r\n', 'Web Programming-II', '2018-10-03', 1, 5),
(1614107, 'Meet Shah\r\n', 'Web Programming-II', '2018-10-03', 1, 5),
(1724016, 'Parth Shah', 'Web Programming-II', '2018-10-09', 1, 5),
(1724018, 'Bhavya Gada', 'Web Programming-II', '2018-10-09', 1, 5),
(1614074, 'Harshil Gogri\r\n', 'Web Programming-II', '2018-10-09', 1, 5),
(1724001, 'Darshan Goswami\r\n', 'Web Programming-II', '2018-10-09', 1, 5),
(1724003, 'Palak Shah', 'Web Programming-II', '2018-10-09', 1, 5),
(1614107, 'Meet Shah\r\n', 'Web Programming-II', '2018-10-09', 1, 5),
(1414088, 'Shubham Chavan', 'Web Programming-II', '2018-10-09', 0, 5),
(1724009, 'Bhagyashree Sawant\r\n', 'Web Programming-II', '2018-10-09', 0, 5),
(1614064, 'Jishna Jayan\r\n', 'Web Programming-II', '2018-10-09', 0, 5),
(1614085, 'Stuti Mangalvedhe\r\n', 'Web Programming-II', '2018-10-09', 0, 5),
(1614101, 'Karan Prajapati\r\n', 'Web Programming-II', '2018-10-09', 0, 5),
(1414088, 'Shubham Chavan', 'Web Programming-II', '2018-10-10', 1, 5),
(1724009, 'Bhagyashree Sawant\r\n', 'Web Programming-II', '2018-10-10', 1, 5),
(1614064, 'Jishna Jayan\r\n', 'Web Programming-II', '2018-10-10', 1, 5),
(1724003, 'Palak Shah', 'Web Programming-II', '2018-10-10', 1, 5),
(1614085, 'Stuti Mangalvedhe\r\n', 'Web Programming-II', '2018-10-10', 1, 5),
(1614101, 'Karan Prajapati\r\n', 'Web Programming-II', '2018-10-10', 1, 5),
(1724016, 'Parth Shah', 'Web Programming-II', '2018-10-10', 0, 5),
(1724018, 'Bhavya Gada', 'Web Programming-II', '2018-10-10', 0, 5),
(1614074, 'Harshil Gogri\r\n', 'Web Programming-II', '2018-10-10', 0, 5),
(1724001, 'Darshan Goswami\r\n', 'Web Programming-II', '2018-10-10', 0, 5),
(1614107, 'Meet Shah\r\n', 'Web Programming-II', '2018-10-10', 0, 5),
(1414088, 'Shubham Chavan', 'Web Programming-II', '2018-10-16', 1, 5),
(1724016, 'Parth Shah', 'Web Programming-II', '2018-10-16', 1, 5),
(1724018, 'Bhavya Gada', 'Web Programming-II', '2018-10-16', 1, 5),
(1614074, 'Harshil Gogri\r\n', 'Web Programming-II', '2018-10-16', 1, 5),
(1724009, 'Bhagyashree Sawant\r\n', 'Web Programming-II', '2018-10-16', 1, 5),
(1614064, 'Jishna Jayan\r\n', 'Web Programming-II', '2018-10-16', 1, 5),
(1724003, 'Palak Shah', 'Web Programming-II', '2018-10-16', 1, 5),
(1614085, 'Stuti Mangalvedhe\r\n', 'Web Programming-II', '2018-10-16', 1, 5),
(1614101, 'Karan Prajapati\r\n', 'Web Programming-II', '2018-10-16', 1, 5),
(1724001, 'Darshan Goswami\r\n', 'Web Programming-II', '2018-10-16', 0, 5),
(1614107, 'Meet Shah\r\n', 'Web Programming-II', '2018-10-16', 0, 5),
(1414088, 'Shubham Chavan', 'Web Programming-II', '2018-10-17', 1, 5),
(1724016, 'Parth Shah', 'Web Programming-II', '2018-10-17', 1, 5),
(1724018, 'Bhavya Gada', 'Web Programming-II', '2018-10-17', 1, 5),
(1614074, 'Harshil Gogri\r\n', 'Web Programming-II', '2018-10-17', 1, 5),
(1724009, 'Bhagyashree Sawant\r\n', 'Web Programming-II', '2018-10-17', 1, 5),
(1614064, 'Jishna Jayan\r\n', 'Web Programming-II', '2018-10-17', 1, 5),
(1724001, 'Darshan Goswami\r\n', 'Web Programming-II', '2018-10-17', 1, 5),
(1724003, 'Palak Shah', 'Web Programming-II', '2018-10-17', 1, 5),
(1614085, 'Stuti Mangalvedhe\r\n', 'Web Programming-II', '2018-10-17', 1, 5),
(1614101, 'Karan Prajapati\r\n', 'Web Programming-II', '2018-10-17', 1, 5),
(1614107, 'Meet Shah\r\n', 'Web Programming-II', '2018-10-17', 1, 5),
(1414088, 'Shubham Chavan', 'Web Programming-II', '2018-10-23', 1, 5),
(1724016, 'Parth Shah', 'Web Programming-II', '2018-10-23', 1, 5),
(1724018, 'Bhavya Gada', 'Web Programming-II', '2018-10-23', 1, 5),
(1614074, 'Harshil Gogri\r\n', 'Web Programming-II', '2018-10-23', 1, 5),
(1724009, 'Bhagyashree Sawant\r\n', 'Web Programming-II', '2018-10-23', 1, 5),
(1614064, 'Jishna Jayan\r\n', 'Web Programming-II', '2018-10-23', 1, 5),
(1724001, 'Darshan Goswami\r\n', 'Web Programming-II', '2018-10-23', 1, 5),
(1724003, 'Palak Shah', 'Web Programming-II', '2018-10-23', 1, 5),
(1614085, 'Stuti Mangalvedhe\r\n', 'Web Programming-II', '2018-10-23', 1, 5),
(1614101, 'Karan Prajapati\r\n', 'Web Programming-II', '2018-10-23', 1, 5),
(1614107, 'Meet Shah\r\n', 'Web Programming-II', '2018-10-23', 1, 5),
(1414088, 'Shubham Chavan', 'Web Programming-II', '2018-10-24', 1, 5),
(1724016, 'Parth Shah', 'Web Programming-II', '2018-10-24', 1, 5),
(1724018, 'Bhavya Gada', 'Web Programming-II', '2018-10-24', 1, 5),
(1614074, 'Harshil Gogri\r\n', 'Web Programming-II', '2018-10-24', 1, 5),
(1724009, 'Bhagyashree Sawant\r\n', 'Web Programming-II', '2018-10-24', 1, 5),
(1614064, 'Jishna Jayan\r\n', 'Web Programming-II', '2018-10-24', 1, 5),
(1724001, 'Darshan Goswami\r\n', 'Web Programming-II', '2018-10-24', 1, 5),
(1724003, 'Palak Shah', 'Web Programming-II', '2018-10-24', 1, 5),
(1614107, 'Meet Shah\r\n', 'Web Programming-II', '2018-10-24', 1, 5),
(1614085, 'Stuti Mangalvedhe\r\n', 'Web Programming-II', '2018-10-24', 0, 5),
(1614101, 'Karan Prajapati\r\n', 'Web Programming-II', '2018-10-24', 0, 5),
(1414088, 'Shubham Chavan', 'Web Programming-II', '2018-10-31', 1, 5),
(1724016, 'Parth Shah', 'Web Programming-II', '2018-10-31', 1, 5),
(1724018, 'Bhavya Gada', 'Web Programming-II', '2018-10-31', 1, 5),
(1614074, 'Harshil Gogri\r\n', 'Web Programming-II', '2018-10-31', 1, 5),
(1724009, 'Bhagyashree Sawant\r\n', 'Web Programming-II', '2018-10-31', 1, 5),
(1614064, 'Jishna Jayan\r\n', 'Web Programming-II', '2018-10-31', 1, 5),
(1724001, 'Darshan Goswami\r\n', 'Web Programming-II', '2018-10-31', 1, 5),
(1724003, 'Palak Shah', 'Web Programming-II', '2018-10-31', 1, 5),
(1614085, 'Stuti Mangalvedhe\r\n', 'Web Programming-II', '2018-10-31', 1, 5),
(1614101, 'Karan Prajapati\r\n', 'Web Programming-II', '2018-10-31', 1, 5),
(1614107, 'Meet Shah\r\n', 'Web Programming-II', '2018-10-31', 1, 5),
(1724015, 'Akshat Sarvaiya', 'DLDA', '2018-09-03', 1, 3),
(1614124, 'Jayesh Karvir', 'DLDA', '2018-09-03', 1, 3),
(1724017, 'Harshil shah', 'DLDA', '2018-09-03', 1, 3),
(1724013, 'Rishabh Jain', 'DLDA', '2018-09-03', 1, 3),
(1724002, 'Rahil Memon\r\n', 'DLDA', '2018-09-03', 1, 3),
(1614105, 'Hitansh Shah\r\n', 'DLDA', '2018-09-03', 1, 3),
(1624009, 'Prathamesh Tambe\r\n', 'DLDA', '2018-09-03', 1, 3),
(1724007, 'Meer Shah\r\n', 'DLDA', '2018-09-03', 1, 3),
(1614102, 'Adarsh Totla\r\n', 'DLDA', '2018-09-03', 1, 3),
(1614118, 'Samruddhi Zagade\r\n', 'DLDA', '2018-09-03', 1, 3),
(1614067, 'Moinuddin \r\n', 'DLDA', '2018-09-03', 1, 3),
(1614116, 'Shubham Tawde\r\n', 'DLDA', '2018-09-03', 1, 3),
(1724010, 'Rishabh Lalla\r\n', 'DLDA', '2018-09-03', 1, 3),
(1614094, 'Anuya Padte\r\n', 'DLDA', '2018-09-03', 1, 3),
(1614115, 'Siddharth Vaghela\r\n', 'DLDA', '2018-09-03', 1, 3),
(1614093, 'Yash Naik\r\n', 'DLDA', '2018-09-03', 1, 3),
(1724013, 'Rishabh Jain', 'DLDA', '2018-09-06', 1, 3),
(1724002, 'Rahil Memon\r\n', 'DLDA', '2018-09-06', 1, 3),
(1614105, 'Hitansh Shah\r\n', 'DLDA', '2018-09-06', 1, 3),
(1624009, 'Prathamesh Tambe\r\n', 'DLDA', '2018-09-06', 1, 3),
(1724007, 'Meer Shah\r\n', 'DLDA', '2018-09-06', 1, 3),
(1614102, 'Adarsh Totla\r\n', 'DLDA', '2018-09-06', 1, 3),
(1614118, 'Samruddhi Zagade\r\n', 'DLDA', '2018-09-06', 1, 3),
(1614067, 'Moinuddin \r\n', 'DLDA', '2018-09-06', 1, 3),
(1614116, 'Shubham Tawde\r\n', 'DLDA', '2018-09-06', 1, 3),
(1724010, 'Rishabh Lalla\r\n', 'DLDA', '2018-09-06', 1, 3),
(1614094, 'Anuya Padte\r\n', 'DLDA', '2018-09-06', 1, 3),
(1614115, 'Siddharth Vaghela\r\n', 'DLDA', '2018-09-06', 1, 3),
(1614093, 'Yash Naik\r\n', 'DLDA', '2018-09-06', 1, 3),
(1724015, 'Akshat Sarvaiya', 'DLDA', '2018-09-06', 0, 3),
(1614124, 'Jayesh Karvir', 'DLDA', '2018-09-06', 0, 3),
(1724017, 'Harshil shah', 'DLDA', '2018-09-06', 0, 3),
(1724015, 'Akshat Sarvaiya', 'DLDA', '2018-09-10', 1, 3),
(1614124, 'Jayesh Karvir', 'DLDA', '2018-09-10', 1, 3),
(1724017, 'Harshil shah', 'DLDA', '2018-09-10', 1, 3),
(1724013, 'Rishabh Jain', 'DLDA', '2018-09-10', 1, 3),
(1724002, 'Rahil Memon\r\n', 'DLDA', '2018-09-10', 1, 3),
(1724007, 'Meer Shah\r\n', 'DLDA', '2018-09-10', 1, 3),
(1614102, 'Adarsh Totla\r\n', 'DLDA', '2018-09-10', 1, 3),
(1614118, 'Samruddhi Zagade\r\n', 'DLDA', '2018-09-10', 1, 3),
(1724010, 'Rishabh Lalla\r\n', 'DLDA', '2018-09-10', 1, 3),
(1614094, 'Anuya Padte\r\n', 'DLDA', '2018-09-10', 1, 3),
(1614115, 'Siddharth Vaghela\r\n', 'DLDA', '2018-09-10', 1, 3),
(1614093, 'Yash Naik\r\n', 'DLDA', '2018-09-10', 1, 3),
(1614105, 'Hitansh Shah\r\n', 'DLDA', '2018-09-10', 0, 3),
(1624009, 'Prathamesh Tambe\r\n', 'DLDA', '2018-09-10', 0, 3),
(1614067, 'Moinuddin \r\n', 'DLDA', '2018-09-10', 0, 3),
(1614116, 'Shubham Tawde\r\n', 'DLDA', '2018-09-10', 0, 3),
(1724015, 'Akshat Sarvaiya', 'DLDA', '2018-09-17', 1, 3),
(1614124, 'Jayesh Karvir', 'DLDA', '2018-09-17', 1, 3),
(1724017, 'Harshil shah', 'DLDA', '2018-09-17', 1, 3),
(1724013, 'Rishabh Jain', 'DLDA', '2018-09-17', 1, 3),
(1724002, 'Rahil Memon\r\n', 'DLDA', '2018-09-17', 1, 3),
(1614105, 'Hitansh Shah\r\n', 'DLDA', '2018-09-17', 1, 3),
(1624009, 'Prathamesh Tambe\r\n', 'DLDA', '2018-09-17', 1, 3),
(1724007, 'Meer Shah\r\n', 'DLDA', '2018-09-17', 1, 3),
(1614102, 'Adarsh Totla\r\n', 'DLDA', '2018-09-17', 1, 3),
(1614118, 'Samruddhi Zagade\r\n', 'DLDA', '2018-09-17', 1, 3),
(1614067, 'Moinuddin \r\n', 'DLDA', '2018-09-17', 1, 3),
(1614116, 'Shubham Tawde\r\n', 'DLDA', '2018-09-17', 1, 3),
(1724010, 'Rishabh Lalla\r\n', 'DLDA', '2018-09-17', 1, 3),
(1614094, 'Anuya Padte\r\n', 'DLDA', '2018-09-17', 1, 3),
(1614115, 'Siddharth Vaghela\r\n', 'DLDA', '2018-09-17', 1, 3),
(1614093, 'Yash Naik\r\n', 'DLDA', '2018-09-17', 1, 3),
(1724015, 'Akshat Sarvaiya', 'DLDA', '2018-09-20', 1, 3),
(1614124, 'Jayesh Karvir', 'DLDA', '2018-09-20', 1, 3),
(1724017, 'Harshil shah', 'DLDA', '2018-09-20', 1, 3),
(1724013, 'Rishabh Jain', 'DLDA', '2018-09-20', 1, 3),
(1724002, 'Rahil Memon\r\n', 'DLDA', '2018-09-20', 1, 3),
(1614105, 'Hitansh Shah\r\n', 'DLDA', '2018-09-20', 1, 3),
(1624009, 'Prathamesh Tambe\r\n', 'DLDA', '2018-09-20', 1, 3),
(1724007, 'Meer Shah\r\n', 'DLDA', '2018-09-20', 1, 3),
(1614102, 'Adarsh Totla\r\n', 'DLDA', '2018-09-20', 1, 3),
(1614118, 'Samruddhi Zagade\r\n', 'DLDA', '2018-09-20', 1, 3),
(1614067, 'Moinuddin \r\n', 'DLDA', '2018-09-20', 1, 3),
(1614116, 'Shubham Tawde\r\n', 'DLDA', '2018-09-20', 1, 3),
(1724010, 'Rishabh Lalla\r\n', 'DLDA', '2018-09-20', 1, 3),
(1614094, 'Anuya Padte\r\n', 'DLDA', '2018-09-20', 1, 3),
(1614115, 'Siddharth Vaghela\r\n', 'DLDA', '2018-09-20', 1, 3),
(1614093, 'Yash Naik\r\n', 'DLDA', '2018-09-20', 1, 3),
(1724015, 'Akshat Sarvaiya', 'DLDA', '2018-09-24', 1, 3),
(1614124, 'Jayesh Karvir', 'DLDA', '2018-09-24', 1, 3),
(1724017, 'Harshil shah', 'DLDA', '2018-09-24', 1, 3),
(1724013, 'Rishabh Jain', 'DLDA', '2018-09-24', 1, 3),
(1724007, 'Meer Shah\r\n', 'DLDA', '2018-09-24', 1, 3),
(1614102, 'Adarsh Totla\r\n', 'DLDA', '2018-09-24', 1, 3),
(1614118, 'Samruddhi Zagade\r\n', 'DLDA', '2018-09-24', 1, 3),
(1614067, 'Moinuddin \r\n', 'DLDA', '2018-09-24', 1, 3),
(1614116, 'Shubham Tawde\r\n', 'DLDA', '2018-09-24', 1, 3),
(1724010, 'Rishabh Lalla\r\n', 'DLDA', '2018-09-24', 1, 3),
(1614094, 'Anuya Padte\r\n', 'DLDA', '2018-09-24', 1, 3),
(1614115, 'Siddharth Vaghela\r\n', 'DLDA', '2018-09-24', 1, 3),
(1724002, 'Rahil Memon\r\n', 'DLDA', '2018-09-24', 0, 3),
(1614105, 'Hitansh Shah\r\n', 'DLDA', '2018-09-24', 0, 3),
(1624009, 'Prathamesh Tambe\r\n', 'DLDA', '2018-09-24', 0, 3),
(1614093, 'Yash Naik\r\n', 'DLDA', '2018-09-24', 0, 3),
(1724015, 'Akshat Sarvaiya', 'DLDA', '2018-09-27', 1, 3),
(1614124, 'Jayesh Karvir', 'DLDA', '2018-09-27', 1, 3),
(1724017, 'Harshil shah', 'DLDA', '2018-09-27', 1, 3),
(1724013, 'Rishabh Jain', 'DLDA', '2018-09-27', 1, 3),
(1724002, 'Rahil Memon\r\n', 'DLDA', '2018-09-27', 1, 3),
(1614105, 'Hitansh Shah\r\n', 'DLDA', '2018-09-27', 1, 3),
(1624009, 'Prathamesh Tambe\r\n', 'DLDA', '2018-09-27', 1, 3),
(1614118, 'Samruddhi Zagade\r\n', 'DLDA', '2018-09-27', 1, 3),
(1614067, 'Moinuddin \r\n', 'DLDA', '2018-09-27', 1, 3),
(1614116, 'Shubham Tawde\r\n', 'DLDA', '2018-09-27', 1, 3),
(1724010, 'Rishabh Lalla\r\n', 'DLDA', '2018-09-27', 1, 3),
(1614094, 'Anuya Padte\r\n', 'DLDA', '2018-09-27', 1, 3),
(1614115, 'Siddharth Vaghela\r\n', 'DLDA', '2018-09-27', 1, 3),
(1724007, 'Meer Shah\r\n', 'DLDA', '2018-09-27', 0, 3),
(1614102, 'Adarsh Totla\r\n', 'DLDA', '2018-09-27', 0, 3),
(1614093, 'Yash Naik\r\n', 'DLDA', '2018-09-27', 0, 3),
(1724015, 'Akshat Sarvaiya', 'DLDA', '2018-10-01', 1, 3),
(1614124, 'Jayesh Karvir', 'DLDA', '2018-10-01', 1, 3),
(1724017, 'Harshil shah', 'DLDA', '2018-10-01', 1, 3),
(1724013, 'Rishabh Jain', 'DLDA', '2018-10-01', 1, 3),
(1724002, 'Rahil Memon\r\n', 'DLDA', '2018-10-01', 1, 3),
(1724007, 'Meer Shah\r\n', 'DLDA', '2018-10-01', 1, 3),
(1614102, 'Adarsh Totla\r\n', 'DLDA', '2018-10-01', 1, 3),
(1614118, 'Samruddhi Zagade\r\n', 'DLDA', '2018-10-01', 1, 3),
(1614067, 'Moinuddin \r\n', 'DLDA', '2018-10-01', 1, 3),
(1614116, 'Shubham Tawde\r\n', 'DLDA', '2018-10-01', 1, 3),
(1724010, 'Rishabh Lalla\r\n', 'DLDA', '2018-10-01', 1, 3),
(1614105, 'Hitansh Shah\r\n', 'DLDA', '2018-10-01', 0, 3),
(1624009, 'Prathamesh Tambe\r\n', 'DLDA', '2018-10-01', 0, 3),
(1614094, 'Anuya Padte\r\n', 'DLDA', '2018-10-01', 0, 3),
(1614115, 'Siddharth Vaghela\r\n', 'DLDA', '2018-10-01', 0, 3),
(1614093, 'Yash Naik\r\n', 'DLDA', '2018-10-01', 0, 3),
(1724015, 'Akshat Sarvaiya', 'DLDA', '2018-10-04', 1, 3),
(1724013, 'Rishabh Jain', 'DLDA', '2018-10-04', 1, 3),
(1724002, 'Rahil Memon\r\n', 'DLDA', '2018-10-04', 1, 3),
(1614105, 'Hitansh Shah\r\n', 'DLDA', '2018-10-04', 1, 3),
(1724007, 'Meer Shah\r\n', 'DLDA', '2018-10-04', 1, 3),
(1614102, 'Adarsh Totla\r\n', 'DLDA', '2018-10-04', 1, 3),
(1614118, 'Samruddhi Zagade\r\n', 'DLDA', '2018-10-04', 1, 3),
(1614067, 'Moinuddin \r\n', 'DLDA', '2018-10-04', 1, 3),
(1614116, 'Shubham Tawde\r\n', 'DLDA', '2018-10-04', 1, 3),
(1724010, 'Rishabh Lalla\r\n', 'DLDA', '2018-10-04', 1, 3),
(1614094, 'Anuya Padte\r\n', 'DLDA', '2018-10-04', 1, 3),
(1614093, 'Yash Naik\r\n', 'DLDA', '2018-10-04', 1, 3),
(1614124, 'Jayesh Karvir', 'DLDA', '2018-10-04', 0, 3),
(1724017, 'Harshil shah', 'DLDA', '2018-10-04', 0, 3),
(1624009, 'Prathamesh Tambe\r\n', 'DLDA', '2018-10-04', 0, 3),
(1614115, 'Siddharth Vaghela\r\n', 'DLDA', '2018-10-04', 0, 3),
(1724015, 'Akshat Sarvaiya', 'DLDA', '2018-10-08', 1, 3),
(1614124, 'Jayesh Karvir', 'DLDA', '2018-10-08', 1, 3),
(1724017, 'Harshil shah', 'DLDA', '2018-10-08', 1, 3),
(1724013, 'Rishabh Jain', 'DLDA', '2018-10-08', 1, 3),
(1724002, 'Rahil Memon\r\n', 'DLDA', '2018-10-08', 1, 3),
(1614105, 'Hitansh Shah\r\n', 'DLDA', '2018-10-08', 1, 3),
(1624009, 'Prathamesh Tambe\r\n', 'DLDA', '2018-10-08', 1, 3),
(1724007, 'Meer Shah\r\n', 'DLDA', '2018-10-08', 1, 3),
(1614102, 'Adarsh Totla\r\n', 'DLDA', '2018-10-08', 1, 3),
(1614118, 'Samruddhi Zagade\r\n', 'DLDA', '2018-10-08', 1, 3),
(1614067, 'Moinuddin \r\n', 'DLDA', '2018-10-08', 1, 3),
(1614116, 'Shubham Tawde\r\n', 'DLDA', '2018-10-08', 1, 3),
(1724010, 'Rishabh Lalla\r\n', 'DLDA', '2018-10-08', 1, 3),
(1614094, 'Anuya Padte\r\n', 'DLDA', '2018-10-08', 1, 3),
(1614115, 'Siddharth Vaghela\r\n', 'DLDA', '2018-10-08', 1, 3),
(1614093, 'Yash Naik\r\n', 'DLDA', '2018-10-08', 1, 3),
(1724015, 'Akshat Sarvaiya', 'DLDA', '2018-10-11', 1, 3),
(1614124, 'Jayesh Karvir', 'DLDA', '2018-10-11', 1, 3),
(1724017, 'Harshil shah', 'DLDA', '2018-10-11', 1, 3),
(1724013, 'Rishabh Jain', 'DLDA', '2018-10-11', 1, 3),
(1724002, 'Rahil Memon\r\n', 'DLDA', '2018-10-11', 1, 3),
(1614105, 'Hitansh Shah\r\n', 'DLDA', '2018-10-11', 1, 3),
(1624009, 'Prathamesh Tambe\r\n', 'DLDA', '2018-10-11', 1, 3),
(1724007, 'Meer Shah\r\n', 'DLDA', '2018-10-11', 1, 3),
(1614102, 'Adarsh Totla\r\n', 'DLDA', '2018-10-11', 1, 3),
(1614118, 'Samruddhi Zagade\r\n', 'DLDA', '2018-10-11', 1, 3),
(1614067, 'Moinuddin \r\n', 'DLDA', '2018-10-11', 1, 3),
(1614116, 'Shubham Tawde\r\n', 'DLDA', '2018-10-11', 1, 3),
(1724010, 'Rishabh Lalla\r\n', 'DLDA', '2018-10-11', 1, 3),
(1614094, 'Anuya Padte\r\n', 'DLDA', '2018-10-11', 1, 3),
(1614115, 'Siddharth Vaghela\r\n', 'DLDA', '2018-10-11', 1, 3),
(1614093, 'Yash Naik\r\n', 'DLDA', '2018-10-11', 1, 3),
(1724015, 'Akshat Sarvaiya', 'DLDA', '2018-10-15', 1, 3),
(1614124, 'Jayesh Karvir', 'DLDA', '2018-10-15', 1, 3),
(1724017, 'Harshil shah', 'DLDA', '2018-10-15', 1, 3),
(1724013, 'Rishabh Jain', 'DLDA', '2018-10-15', 1, 3),
(1724002, 'Rahil Memon\r\n', 'DLDA', '2018-10-15', 1, 3),
(1614105, 'Hitansh Shah\r\n', 'DLDA', '2018-10-15', 1, 3),
(1614102, 'Adarsh Totla\r\n', 'DLDA', '2018-10-15', 1, 3),
(1614118, 'Samruddhi Zagade\r\n', 'DLDA', '2018-10-15', 1, 3),
(1614067, 'Moinuddin \r\n', 'DLDA', '2018-10-15', 1, 3),
(1614116, 'Shubham Tawde\r\n', 'DLDA', '2018-10-15', 1, 3),
(1724010, 'Rishabh Lalla\r\n', 'DLDA', '2018-10-15', 1, 3),
(1614094, 'Anuya Padte\r\n', 'DLDA', '2018-10-15', 1, 3),
(1614115, 'Siddharth Vaghela\r\n', 'DLDA', '2018-10-15', 1, 3),
(1614093, 'Yash Naik\r\n', 'DLDA', '2018-10-15', 1, 3),
(1624009, 'Prathamesh Tambe\r\n', 'DLDA', '2018-10-15', 0, 3),
(1724007, 'Meer Shah\r\n', 'DLDA', '2018-10-15', 0, 3),
(1724017, 'Harshil shah', 'DLDA', '2018-10-18', 1, 3),
(1724013, 'Rishabh Jain', 'DLDA', '2018-10-18', 1, 3),
(1724002, 'Rahil Memon\r\n', 'DLDA', '2018-10-18', 1, 3),
(1614105, 'Hitansh Shah\r\n', 'DLDA', '2018-10-18', 1, 3),
(1624009, 'Prathamesh Tambe\r\n', 'DLDA', '2018-10-18', 1, 3),
(1724007, 'Meer Shah\r\n', 'DLDA', '2018-10-18', 1, 3),
(1614102, 'Adarsh Totla\r\n', 'DLDA', '2018-10-18', 1, 3),
(1614118, 'Samruddhi Zagade\r\n', 'DLDA', '2018-10-18', 1, 3),
(1614067, 'Moinuddin \r\n', 'DLDA', '2018-10-18', 1, 3),
(1614116, 'Shubham Tawde\r\n', 'DLDA', '2018-10-18', 1, 3),
(1724010, 'Rishabh Lalla\r\n', 'DLDA', '2018-10-18', 1, 3),
(1614094, 'Anuya Padte\r\n', 'DLDA', '2018-10-18', 1, 3),
(1614115, 'Siddharth Vaghela\r\n', 'DLDA', '2018-10-18', 1, 3),
(1724015, 'Akshat Sarvaiya', 'DLDA', '2018-10-18', 0, 3),
(1614124, 'Jayesh Karvir', 'DLDA', '2018-10-18', 0, 3),
(1614093, 'Yash Naik\r\n', 'DLDA', '2018-10-18', 0, 3),
(1724015, 'Akshat Sarvaiya', 'DLDA', '2018-10-18', 1, 3),
(1614124, 'Jayesh Karvir', 'DLDA', '2018-10-18', 1, 3),
(1724017, 'Harshil shah', 'DLDA', '2018-10-18', 1, 3),
(1724013, 'Rishabh Jain', 'DLDA', '2018-10-18', 1, 3),
(1724002, 'Rahil Memon\r\n', 'DLDA', '2018-10-18', 1, 3),
(1614105, 'Hitansh Shah\r\n', 'DLDA', '2018-10-18', 1, 3),
(1624009, 'Prathamesh Tambe\r\n', 'DLDA', '2018-10-18', 1, 3),
(1724007, 'Meer Shah\r\n', 'DLDA', '2018-10-18', 1, 3),
(1614102, 'Adarsh Totla\r\n', 'DLDA', '2018-10-18', 1, 3),
(1614118, 'Samruddhi Zagade\r\n', 'DLDA', '2018-10-18', 1, 3),
(1614067, 'Moinuddin \r\n', 'DLDA', '2018-10-18', 1, 3),
(1614116, 'Shubham Tawde\r\n', 'DLDA', '2018-10-18', 1, 3),
(1724010, 'Rishabh Lalla\r\n', 'DLDA', '2018-10-18', 1, 3),
(1614094, 'Anuya Padte\r\n', 'DLDA', '2018-10-18', 1, 3),
(1614115, 'Siddharth Vaghela\r\n', 'DLDA', '2018-10-18', 1, 3),
(1614093, 'Yash Naik\r\n', 'DLDA', '2018-10-18', 1, 3),
(1724015, 'Akshat Sarvaiya', 'DLDA', '2018-10-22', 1, 3),
(1614124, 'Jayesh Karvir', 'DLDA', '2018-10-22', 1, 3),
(1724017, 'Harshil shah', 'DLDA', '2018-10-22', 1, 3),
(1724013, 'Rishabh Jain', 'DLDA', '2018-10-22', 1, 3),
(1724002, 'Rahil Memon\r\n', 'DLDA', '2018-10-22', 1, 3),
(1614105, 'Hitansh Shah\r\n', 'DLDA', '2018-10-22', 1, 3),
(1624009, 'Prathamesh Tambe\r\n', 'DLDA', '2018-10-22', 1, 3),
(1724007, 'Meer Shah\r\n', 'DLDA', '2018-10-22', 1, 3),
(1614102, 'Adarsh Totla\r\n', 'DLDA', '2018-10-22', 1, 3),
(1614118, 'Samruddhi Zagade\r\n', 'DLDA', '2018-10-22', 1, 3),
(1614067, 'Moinuddin \r\n', 'DLDA', '2018-10-22', 1, 3),
(1614116, 'Shubham Tawde\r\n', 'DLDA', '2018-10-22', 1, 3),
(1724010, 'Rishabh Lalla\r\n', 'DLDA', '2018-10-22', 1, 3),
(1614094, 'Anuya Padte\r\n', 'DLDA', '2018-10-22', 1, 3),
(1614115, 'Siddharth Vaghela\r\n', 'DLDA', '2018-10-22', 1, 3),
(1614093, 'Yash Naik\r\n', 'DLDA', '2018-10-22', 1, 3),
(1724015, 'Akshat Sarvaiya', 'DLDA', '2018-10-25', 1, 3),
(1614124, 'Jayesh Karvir', 'DLDA', '2018-10-25', 1, 3),
(1724017, 'Harshil shah', 'DLDA', '2018-10-25', 1, 3),
(1724013, 'Rishabh Jain', 'DLDA', '2018-10-25', 1, 3),
(1724002, 'Rahil Memon\r\n', 'DLDA', '2018-10-25', 1, 3),
(1614105, 'Hitansh Shah\r\n', 'DLDA', '2018-10-25', 1, 3),
(1624009, 'Prathamesh Tambe\r\n', 'DLDA', '2018-10-25', 1, 3),
(1724007, 'Meer Shah\r\n', 'DLDA', '2018-10-25', 1, 3),
(1614102, 'Adarsh Totla\r\n', 'DLDA', '2018-10-25', 1, 3),
(1614118, 'Samruddhi Zagade\r\n', 'DLDA', '2018-10-25', 1, 3),
(1614067, 'Moinuddin \r\n', 'DLDA', '2018-10-25', 1, 3),
(1614115, 'Siddharth Vaghela\r\n', 'DLDA', '2018-10-25', 1, 3),
(1614093, 'Yash Naik\r\n', 'DLDA', '2018-10-25', 1, 3),
(1614116, 'Shubham Tawde\r\n', 'DLDA', '2018-10-25', 0, 3),
(1724010, 'Rishabh Lalla\r\n', 'DLDA', '2018-10-25', 0, 3),
(1614094, 'Anuya Padte\r\n', 'DLDA', '2018-10-25', 0, 3),
(1724015, 'Akshat Sarvaiya', 'DLDA', '2018-10-29', 1, 3),
(1614124, 'Jayesh Karvir', 'DLDA', '2018-10-29', 1, 3),
(1724017, 'Harshil shah', 'DLDA', '2018-10-29', 1, 3),
(1724013, 'Rishabh Jain', 'DLDA', '2018-10-29', 1, 3),
(1724002, 'Rahil Memon\r\n', 'DLDA', '2018-10-29', 1, 3),
(1614105, 'Hitansh Shah\r\n', 'DLDA', '2018-10-29', 1, 3),
(1624009, 'Prathamesh Tambe\r\n', 'DLDA', '2018-10-29', 1, 3),
(1724007, 'Meer Shah\r\n', 'DLDA', '2018-10-29', 1, 3),
(1614102, 'Adarsh Totla\r\n', 'DLDA', '2018-10-29', 1, 3),
(1614118, 'Samruddhi Zagade\r\n', 'DLDA', '2018-10-29', 1, 3),
(1614067, 'Moinuddin \r\n', 'DLDA', '2018-10-29', 1, 3),
(1614116, 'Shubham Tawde\r\n', 'DLDA', '2018-10-29', 1, 3),
(1724010, 'Rishabh Lalla\r\n', 'DLDA', '2018-10-29', 1, 3),
(1614094, 'Anuya Padte\r\n', 'DLDA', '2018-10-29', 1, 3),
(1614115, 'Siddharth Vaghela\r\n', 'DLDA', '2018-10-29', 1, 3),
(1614093, 'Yash Naik\r\n', 'DLDA', '2018-10-29', 1, 3),
(1414088, 'Shubham Chavan', 'Operating System', '2018-09-06', 1, 5),
(1724016, 'Parth Shah', 'Operating System', '2018-09-06', 1, 5),
(1724018, 'Bhavya Gada', 'Operating System', '2018-09-06', 1, 5),
(1614074, 'Harshil Gogri\r\n', 'Operating System', '2018-09-06', 1, 5),
(1724009, 'Bhagyashree Sawant\r\n', 'Operating System', '2018-09-06', 1, 5),
(1614064, 'Jishna Jayan\r\n', 'Operating System', '2018-09-06', 1, 5),
(1724001, 'Darshan Goswami\r\n', 'Operating System', '2018-09-06', 1, 5),
(1724003, 'Palak Shah', 'Operating System', '2018-09-06', 1, 5),
(1614085, 'Stuti Mangalvedhe\r\n', 'Operating System', '2018-09-06', 1, 5),
(1614101, 'Karan Prajapati\r\n', 'Operating System', '2018-09-06', 1, 5),
(1614107, 'Meet Shah\r\n', 'Operating System', '2018-09-06', 1, 5),
(1614074, 'Harshil Gogri\r\n', 'Operating System', '2018-09-07', 1, 5),
(1724009, 'Bhagyashree Sawant\r\n', 'Operating System', '2018-09-07', 1, 5),
(1614064, 'Jishna Jayan\r\n', 'Operating System', '2018-09-07', 1, 5),
(1724001, 'Darshan Goswami\r\n', 'Operating System', '2018-09-07', 1, 5),
(1724003, 'Palak Shah', 'Operating System', '2018-09-07', 1, 5),
(1614085, 'Stuti Mangalvedhe\r\n', 'Operating System', '2018-09-07', 1, 5),
(1614101, 'Karan Prajapati\r\n', 'Operating System', '2018-09-07', 1, 5),
(1614107, 'Meet Shah\r\n', 'Operating System', '2018-09-07', 1, 5),
(1414088, 'Shubham Chavan', 'Operating System', '2018-09-07', 0, 5),
(1724016, 'Parth Shah', 'Operating System', '2018-09-07', 0, 5),
(1724018, 'Bhavya Gada', 'Operating System', '2018-09-07', 0, 5),
(1414088, 'Shubham Chavan', 'Operating System', '2018-09-13', 1, 5),
(1724016, 'Parth Shah', 'Operating System', '2018-09-13', 1, 5),
(1724018, 'Bhavya Gada', 'Operating System', '2018-09-13', 1, 5),
(1614074, 'Harshil Gogri\r\n', 'Operating System', '2018-09-13', 1, 5),
(1724009, 'Bhagyashree Sawant\r\n', 'Operating System', '2018-09-13', 1, 5),
(1614085, 'Stuti Mangalvedhe\r\n', 'Operating System', '2018-09-13', 1, 5),
(1614101, 'Karan Prajapati\r\n', 'Operating System', '2018-09-13', 1, 5),
(1614107, 'Meet Shah\r\n', 'Operating System', '2018-09-13', 1, 5),
(1614064, 'Jishna Jayan\r\n', 'Operating System', '2018-09-13', 0, 5),
(1724001, 'Darshan Goswami\r\n', 'Operating System', '2018-09-13', 0, 5),
(1724003, 'Palak Shah', 'Operating System', '2018-09-13', 0, 5),
(1414088, 'Shubham Chavan', 'Operating System', '2018-09-14', 1, 5),
(1724016, 'Parth Shah', 'Operating System', '2018-09-14', 1, 5),
(1724018, 'Bhavya Gada', 'Operating System', '2018-09-14', 1, 5),
(1614074, 'Harshil Gogri\r\n', 'Operating System', '2018-09-14', 1, 5),
(1724009, 'Bhagyashree Sawant\r\n', 'Operating System', '2018-09-14', 1, 5),
(1614064, 'Jishna Jayan\r\n', 'Operating System', '2018-09-14', 1, 5),
(1724003, 'Palak Shah', 'Operating System', '2018-09-14', 1, 5),
(1614101, 'Karan Prajapati\r\n', 'Operating System', '2018-09-14', 1, 5),
(1614107, 'Meet Shah\r\n', 'Operating System', '2018-09-14', 1, 5),
(1724001, 'Darshan Goswami\r\n', 'Operating System', '2018-09-14', 0, 5),
(1614085, 'Stuti Mangalvedhe\r\n', 'Operating System', '2018-09-14', 0, 5),
(1724016, 'Parth Shah', 'Operating System', '2018-09-20', 1, 5),
(1724018, 'Bhavya Gada', 'Operating System', '2018-09-20', 1, 5),
(1724009, 'Bhagyashree Sawant\r\n', 'Operating System', '2018-09-20', 1, 5),
(1614064, 'Jishna Jayan\r\n', 'Operating System', '2018-09-20', 1, 5),
(1724001, 'Darshan Goswami\r\n', 'Operating System', '2018-09-20', 1, 5),
(1724003, 'Palak Shah', 'Operating System', '2018-09-20', 1, 5),
(1614085, 'Stuti Mangalvedhe\r\n', 'Operating System', '2018-09-20', 1, 5),
(1414088, 'Shubham Chavan', 'Operating System', '2018-09-20', 0, 5),
(1614074, 'Harshil Gogri\r\n', 'Operating System', '2018-09-20', 0, 5),
(1614101, 'Karan Prajapati\r\n', 'Operating System', '2018-09-20', 0, 5),
(1614107, 'Meet Shah\r\n', 'Operating System', '2018-09-20', 0, 5),
(1414088, 'Shubham Chavan', 'Operating System', '2018-09-21', 1, 5),
(1724016, 'Parth Shah', 'Operating System', '2018-09-21', 1, 5),
(1724018, 'Bhavya Gada', 'Operating System', '2018-09-21', 1, 5),
(1614074, 'Harshil Gogri\r\n', 'Operating System', '2018-09-21', 1, 5),
(1724009, 'Bhagyashree Sawant\r\n', 'Operating System', '2018-09-21', 1, 5),
(1614064, 'Jishna Jayan\r\n', 'Operating System', '2018-09-21', 1, 5),
(1724001, 'Darshan Goswami\r\n', 'Operating System', '2018-09-21', 1, 5),
(1724003, 'Palak Shah', 'Operating System', '2018-09-21', 1, 5),
(1614085, 'Stuti Mangalvedhe\r\n', 'Operating System', '2018-09-21', 1, 5),
(1614101, 'Karan Prajapati\r\n', 'Operating System', '2018-09-21', 1, 5),
(1614107, 'Meet Shah\r\n', 'Operating System', '2018-09-21', 1, 5),
(1414088, 'Shubham Chavan', 'Operating System', '2018-09-27', 1, 5),
(1724016, 'Parth Shah', 'Operating System', '2018-09-27', 1, 5),
(1724018, 'Bhavya Gada', 'Operating System', '2018-09-27', 1, 5),
(1614074, 'Harshil Gogri\r\n', 'Operating System', '2018-09-27', 1, 5),
(1724009, 'Bhagyashree Sawant\r\n', 'Operating System', '2018-09-27', 1, 5),
(1614064, 'Jishna Jayan\r\n', 'Operating System', '2018-09-27', 1, 5),
(1724001, 'Darshan Goswami\r\n', 'Operating System', '2018-09-27', 1, 5),
(1724003, 'Palak Shah', 'Operating System', '2018-09-27', 1, 5),
(1614085, 'Stuti Mangalvedhe\r\n', 'Operating System', '2018-09-27', 1, 5),
(1614101, 'Karan Prajapati\r\n', 'Operating System', '2018-09-27', 1, 5),
(1614107, 'Meet Shah\r\n', 'Operating System', '2018-09-27', 1, 5),
(1414088, 'Shubham Chavan', 'Operating System', '2018-09-28', 1, 5),
(1724016, 'Parth Shah', 'Operating System', '2018-09-28', 1, 5),
(1724018, 'Bhavya Gada', 'Operating System', '2018-09-28', 1, 5),
(1614074, 'Harshil Gogri\r\n', 'Operating System', '2018-09-28', 1, 5),
(1724009, 'Bhagyashree Sawant\r\n', 'Operating System', '2018-09-28', 1, 5),
(1614064, 'Jishna Jayan\r\n', 'Operating System', '2018-09-28', 1, 5),
(1724001, 'Darshan Goswami\r\n', 'Operating System', '2018-09-28', 1, 5),
(1724003, 'Palak Shah', 'Operating System', '2018-09-28', 1, 5),
(1614085, 'Stuti Mangalvedhe\r\n', 'Operating System', '2018-09-28', 1, 5),
(1614101, 'Karan Prajapati\r\n', 'Operating System', '2018-09-28', 1, 5),
(1614107, 'Meet Shah\r\n', 'Operating System', '2018-09-28', 1, 5),
(1414088, 'Shubham Chavan', 'Operating System', '2018-10-04', 1, 5),
(1724016, 'Parth Shah', 'Operating System', '2018-10-04', 1, 5),
(1724018, 'Bhavya Gada', 'Operating System', '2018-10-04', 1, 5),
(1614074, 'Harshil Gogri\r\n', 'Operating System', '2018-10-04', 1, 5),
(1724009, 'Bhagyashree Sawant\r\n', 'Operating System', '2018-10-04', 1, 5),
(1724003, 'Palak Shah', 'Operating System', '2018-10-04', 1, 5),
(1614101, 'Karan Prajapati\r\n', 'Operating System', '2018-10-04', 1, 5),
(1614107, 'Meet Shah\r\n', 'Operating System', '2018-10-04', 1, 5),
(1614064, 'Jishna Jayan\r\n', 'Operating System', '2018-10-04', 0, 5),
(1724001, 'Darshan Goswami\r\n', 'Operating System', '2018-10-04', 0, 5),
(1614085, 'Stuti Mangalvedhe\r\n', 'Operating System', '2018-10-04', 0, 5),
(1414088, 'Shubham Chavan', 'Operating System', '2018-10-05', 1, 5),
(1724016, 'Parth Shah', 'Operating System', '2018-10-05', 1, 5),
(1724018, 'Bhavya Gada', 'Operating System', '2018-10-05', 1, 5),
(1614074, 'Harshil Gogri\r\n', 'Operating System', '2018-10-05', 1, 5),
(1724009, 'Bhagyashree Sawant\r\n', 'Operating System', '2018-10-05', 1, 5),
(1724003, 'Palak Shah', 'Operating System', '2018-10-05', 1, 5),
(1614064, 'Jishna Jayan\r\n', 'Operating System', '2018-10-05', 0, 5),
(1724001, 'Darshan Goswami\r\n', 'Operating System', '2018-10-05', 0, 5),
(1614085, 'Stuti Mangalvedhe\r\n', 'Operating System', '2018-10-05', 0, 5),
(1614101, 'Karan Prajapati\r\n', 'Operating System', '2018-10-05', 0, 5),
(1614107, 'Meet Shah\r\n', 'Operating System', '2018-10-05', 0, 5),
(1414088, 'Shubham Chavan', 'Operating System', '2018-10-11', 1, 5),
(1724016, 'Parth Shah', 'Operating System', '2018-10-11', 1, 5),
(1724018, 'Bhavya Gada', 'Operating System', '2018-10-11', 1, 5),
(1614074, 'Harshil Gogri\r\n', 'Operating System', '2018-10-11', 1, 5),
(1724009, 'Bhagyashree Sawant\r\n', 'Operating System', '2018-10-11', 1, 5),
(1614064, 'Jishna Jayan\r\n', 'Operating System', '2018-10-11', 1, 5),
(1724001, 'Darshan Goswami\r\n', 'Operating System', '2018-10-11', 1, 5),
(1724003, 'Palak Shah', 'Operating System', '2018-10-11', 1, 5),
(1614085, 'Stuti Mangalvedhe\r\n', 'Operating System', '2018-10-11', 1, 5),
(1614101, 'Karan Prajapati\r\n', 'Operating System', '2018-10-11', 1, 5),
(1614107, 'Meet Shah\r\n', 'Operating System', '2018-10-11', 1, 5),
(1414088, 'Shubham Chavan', 'Operating System', '2018-10-12', 1, 5),
(1724016, 'Parth Shah', 'Operating System', '2018-10-12', 1, 5),
(1724018, 'Bhavya Gada', 'Operating System', '2018-10-12', 1, 5),
(1614074, 'Harshil Gogri\r\n', 'Operating System', '2018-10-12', 1, 5),
(1724009, 'Bhagyashree Sawant\r\n', 'Operating System', '2018-10-12', 1, 5),
(1614064, 'Jishna Jayan\r\n', 'Operating System', '2018-10-12', 1, 5),
(1724001, 'Darshan Goswami\r\n', 'Operating System', '2018-10-12', 1, 5),
(1724003, 'Palak Shah', 'Operating System', '2018-10-12', 1, 5),
(1614085, 'Stuti Mangalvedhe\r\n', 'Operating System', '2018-10-12', 1, 5),
(1614101, 'Karan Prajapati\r\n', 'Operating System', '2018-10-12', 1, 5),
(1614107, 'Meet Shah\r\n', 'Operating System', '2018-10-12', 1, 5),
(1414088, 'Shubham Chavan', 'Operating System', '2018-10-18', 1, 5),
(1724016, 'Parth Shah', 'Operating System', '2018-10-18', 1, 5),
(1724018, 'Bhavya Gada', 'Operating System', '2018-10-18', 1, 5),
(1724009, 'Bhagyashree Sawant\r\n', 'Operating System', '2018-10-18', 1, 5),
(1614064, 'Jishna Jayan\r\n', 'Operating System', '2018-10-18', 1, 5),
(1614101, 'Karan Prajapati\r\n', 'Operating System', '2018-10-18', 1, 5),
(1614107, 'Meet Shah\r\n', 'Operating System', '2018-10-18', 1, 5),
(1614074, 'Harshil Gogri\r\n', 'Operating System', '2018-10-18', 0, 5),
(1724001, 'Darshan Goswami\r\n', 'Operating System', '2018-10-18', 0, 5),
(1724003, 'Palak Shah', 'Operating System', '2018-10-18', 0, 5),
(1614085, 'Stuti Mangalvedhe\r\n', 'Operating System', '2018-10-18', 0, 5),
(1414088, 'Shubham Chavan', 'Operating System', '2018-10-19', 1, 5),
(1724016, 'Parth Shah', 'Operating System', '2018-10-19', 1, 5),
(1724018, 'Bhavya Gada', 'Operating System', '2018-10-19', 1, 5),
(1614074, 'Harshil Gogri\r\n', 'Operating System', '2018-10-19', 1, 5),
(1724009, 'Bhagyashree Sawant\r\n', 'Operating System', '2018-10-19', 1, 5),
(1614064, 'Jishna Jayan\r\n', 'Operating System', '2018-10-19', 1, 5),
(1724001, 'Darshan Goswami\r\n', 'Operating System', '2018-10-19', 1, 5),
(1724003, 'Palak Shah', 'Operating System', '2018-10-19', 1, 5),
(1614085, 'Stuti Mangalvedhe\r\n', 'Operating System', '2018-10-19', 1, 5),
(1614101, 'Karan Prajapati\r\n', 'Operating System', '2018-10-19', 1, 5),
(1614107, 'Meet Shah\r\n', 'Operating System', '2018-10-19', 1, 5),
(1414088, 'Shubham Chavan', 'Operating System', '2018-10-25', 1, 5),
(1724016, 'Parth Shah', 'Operating System', '2018-10-25', 1, 5),
(1724018, 'Bhavya Gada', 'Operating System', '2018-10-25', 1, 5),
(1614074, 'Harshil Gogri\r\n', 'Operating System', '2018-10-25', 1, 5),
(1724009, 'Bhagyashree Sawant\r\n', 'Operating System', '2018-10-25', 1, 5),
(1614064, 'Jishna Jayan\r\n', 'Operating System', '2018-10-25', 1, 5),
(1724001, 'Darshan Goswami\r\n', 'Operating System', '2018-10-25', 1, 5),
(1724003, 'Palak Shah', 'Operating System', '2018-10-25', 1, 5),
(1614085, 'Stuti Mangalvedhe\r\n', 'Operating System', '2018-10-25', 1, 5),
(1614101, 'Karan Prajapati\r\n', 'Operating System', '2018-10-25', 1, 5),
(1614107, 'Meet Shah\r\n', 'Operating System', '2018-10-25', 1, 5),
(1414088, 'Shubham Chavan', 'Operating System', '2018-10-26', 1, 5),
(1724016, 'Parth Shah', 'Operating System', '2018-10-26', 1, 5),
(1724009, 'Bhagyashree Sawant\r\n', 'Operating System', '2018-10-26', 1, 5),
(1614064, 'Jishna Jayan\r\n', 'Operating System', '2018-10-26', 1, 5),
(1724001, 'Darshan Goswami\r\n', 'Operating System', '2018-10-26', 1, 5),
(1724003, 'Palak Shah', 'Operating System', '2018-10-26', 1, 5),
(1614085, 'Stuti Mangalvedhe\r\n', 'Operating System', '2018-10-26', 1, 5),
(1614101, 'Karan Prajapati\r\n', 'Operating System', '2018-10-26', 1, 5),
(1724018, 'Bhavya Gada', 'Operating System', '2018-10-26', 0, 5),
(1614074, 'Harshil Gogri\r\n', 'Operating System', '2018-10-26', 0, 5),
(1614107, 'Meet Shah\r\n', 'Operating System', '2018-10-26', 0, 5),
(1724015, 'Akshat Sarvaiya', 'Data Structures', '2018-09-04', 1, 3),
(1614124, 'Jayesh Karvir', 'Data Structures', '2018-09-04', 1, 3),
(1724017, 'Harshil shah', 'Data Structures', '2018-09-04', 1, 3),
(1724013, 'Rishabh Jain', 'Data Structures', '2018-09-04', 1, 3),
(1724002, 'Rahil Memon\r\n', 'Data Structures', '2018-09-04', 1, 3),
(1614105, 'Hitansh Shah\r\n', 'Data Structures', '2018-09-04', 1, 3),
(1624009, 'Prathamesh Tambe\r\n', 'Data Structures', '2018-09-04', 1, 3),
(1724007, 'Meer Shah\r\n', 'Data Structures', '2018-09-04', 1, 3),
(1614102, 'Adarsh Totla\r\n', 'Data Structures', '2018-09-04', 1, 3),
(1614118, 'Samruddhi Zagade\r\n', 'Data Structures', '2018-09-04', 1, 3),
(1614067, 'Moinuddin \r\n', 'Data Structures', '2018-09-04', 1, 3),
(1614116, 'Shubham Tawde\r\n', 'Data Structures', '2018-09-04', 1, 3),
(1724010, 'Rishabh Lalla\r\n', 'Data Structures', '2018-09-04', 1, 3),
(1614094, 'Anuya Padte\r\n', 'Data Structures', '2018-09-04', 1, 3),
(1614115, 'Siddharth Vaghela\r\n', 'Data Structures', '2018-09-04', 1, 3),
(1614093, 'Yash Naik\r\n', 'Data Structures', '2018-09-04', 1, 3),
(1724013, 'Rishabh Jain', 'Data Structures', '2018-09-05', 1, 3),
(1724002, 'Rahil Memon\r\n', 'Data Structures', '2018-09-05', 1, 3),
(1614105, 'Hitansh Shah\r\n', 'Data Structures', '2018-09-05', 1, 3),
(1624009, 'Prathamesh Tambe\r\n', 'Data Structures', '2018-09-05', 1, 3),
(1614118, 'Samruddhi Zagade\r\n', 'Data Structures', '2018-09-05', 1, 3),
(1614067, 'Moinuddin \r\n', 'Data Structures', '2018-09-05', 1, 3),
(1614116, 'Shubham Tawde\r\n', 'Data Structures', '2018-09-05', 1, 3),
(1724010, 'Rishabh Lalla\r\n', 'Data Structures', '2018-09-05', 1, 3),
(1614094, 'Anuya Padte\r\n', 'Data Structures', '2018-09-05', 1, 3),
(1614115, 'Siddharth Vaghela\r\n', 'Data Structures', '2018-09-05', 1, 3),
(1614093, 'Yash Naik\r\n', 'Data Structures', '2018-09-05', 1, 3),
(1724015, 'Akshat Sarvaiya', 'Data Structures', '2018-09-05', 0, 3),
(1614124, 'Jayesh Karvir', 'Data Structures', '2018-09-05', 0, 3),
(1724017, 'Harshil shah', 'Data Structures', '2018-09-05', 0, 3),
(1724007, 'Meer Shah\r\n', 'Data Structures', '2018-09-05', 0, 3),
(1614102, 'Adarsh Totla\r\n', 'Data Structures', '2018-09-05', 0, 3),
(1724015, 'Akshat Sarvaiya', 'Data Structures', '2018-09-11', 1, 3),
(1614124, 'Jayesh Karvir', 'Data Structures', '2018-09-11', 1, 3),
(1724017, 'Harshil shah', 'Data Structures', '2018-09-11', 1, 3),
(1724013, 'Rishabh Jain', 'Data Structures', '2018-09-11', 1, 3),
(1724002, 'Rahil Memon\r\n', 'Data Structures', '2018-09-11', 1, 3),
(1614105, 'Hitansh Shah\r\n', 'Data Structures', '2018-09-11', 1, 3),
(1624009, 'Prathamesh Tambe\r\n', 'Data Structures', '2018-09-11', 1, 3),
(1614118, 'Samruddhi Zagade\r\n', 'Data Structures', '2018-09-11', 1, 3),
(1614067, 'Moinuddin \r\n', 'Data Structures', '2018-09-11', 1, 3),
(1614094, 'Anuya Padte\r\n', 'Data Structures', '2018-09-11', 1, 3),
(1614115, 'Siddharth Vaghela\r\n', 'Data Structures', '2018-09-11', 1, 3),
(1724007, 'Meer Shah\r\n', 'Data Structures', '2018-09-11', 0, 3),
(1614102, 'Adarsh Totla\r\n', 'Data Structures', '2018-09-11', 0, 3),
(1614116, 'Shubham Tawde\r\n', 'Data Structures', '2018-09-11', 0, 3),
(1724010, 'Rishabh Lalla\r\n', 'Data Structures', '2018-09-11', 0, 3),
(1614093, 'Yash Naik\r\n', 'Data Structures', '2018-09-11', 0, 3),
(1724015, 'Akshat Sarvaiya', 'Data Structures', '2018-09-12', 1, 3),
(1614124, 'Jayesh Karvir', 'Data Structures', '2018-09-12', 1, 3),
(1724017, 'Harshil shah', 'Data Structures', '2018-09-12', 1, 3),
(1724013, 'Rishabh Jain', 'Data Structures', '2018-09-12', 1, 3),
(1724002, 'Rahil Memon\r\n', 'Data Structures', '2018-09-12', 1, 3),
(1614105, 'Hitansh Shah\r\n', 'Data Structures', '2018-09-12', 1, 3),
(1624009, 'Prathamesh Tambe\r\n', 'Data Structures', '2018-09-12', 1, 3),
(1724007, 'Meer Shah\r\n', 'Data Structures', '2018-09-12', 1, 3),
(1614102, 'Adarsh Totla\r\n', 'Data Structures', '2018-09-12', 1, 3),
(1614118, 'Samruddhi Zagade\r\n', 'Data Structures', '2018-09-12', 1, 3),
(1724010, 'Rishabh Lalla\r\n', 'Data Structures', '2018-09-12', 1, 3),
(1614094, 'Anuya Padte\r\n', 'Data Structures', '2018-09-12', 1, 3),
(1614115, 'Siddharth Vaghela\r\n', 'Data Structures', '2018-09-12', 1, 3),
(1614067, 'Moinuddin \r\n', 'Data Structures', '2018-09-12', 0, 3),
(1614116, 'Shubham Tawde\r\n', 'Data Structures', '2018-09-12', 0, 3),
(1614093, 'Yash Naik\r\n', 'Data Structures', '2018-09-12', 0, 3),
(1724015, 'Akshat Sarvaiya', 'Data Structures', '2018-09-18', 1, 3),
(1614124, 'Jayesh Karvir', 'Data Structures', '2018-09-18', 1, 3),
(1724017, 'Harshil shah', 'Data Structures', '2018-09-18', 1, 3),
(1724013, 'Rishabh Jain', 'Data Structures', '2018-09-18', 1, 3),
(1724002, 'Rahil Memon\r\n', 'Data Structures', '2018-09-18', 1, 3),
(1614105, 'Hitansh Shah\r\n', 'Data Structures', '2018-09-18', 1, 3),
(1624009, 'Prathamesh Tambe\r\n', 'Data Structures', '2018-09-18', 1, 3),
(1724007, 'Meer Shah\r\n', 'Data Structures', '2018-09-18', 1, 3),
(1614102, 'Adarsh Totla\r\n', 'Data Structures', '2018-09-18', 1, 3),
(1614118, 'Samruddhi Zagade\r\n', 'Data Structures', '2018-09-18', 1, 3),
(1614067, 'Moinuddin \r\n', 'Data Structures', '2018-09-18', 1, 3),
(1614116, 'Shubham Tawde\r\n', 'Data Structures', '2018-09-18', 1, 3),
(1724010, 'Rishabh Lalla\r\n', 'Data Structures', '2018-09-18', 1, 3),
(1614094, 'Anuya Padte\r\n', 'Data Structures', '2018-09-18', 1, 3),
(1614115, 'Siddharth Vaghela\r\n', 'Data Structures', '2018-09-18', 1, 3),
(1614093, 'Yash Naik\r\n', 'Data Structures', '2018-09-18', 1, 3),
(1614124, 'Jayesh Karvir', 'Data Structures', '2018-09-19', 1, 3),
(1724013, 'Rishabh Jain', 'Data Structures', '2018-09-19', 1, 3),
(1724002, 'Rahil Memon\r\n', 'Data Structures', '2018-09-19', 1, 3),
(1614105, 'Hitansh Shah\r\n', 'Data Structures', '2018-09-19', 1, 3),
(1624009, 'Prathamesh Tambe\r\n', 'Data Structures', '2018-09-19', 1, 3),
(1724007, 'Meer Shah\r\n', 'Data Structures', '2018-09-19', 1, 3),
(1614102, 'Adarsh Totla\r\n', 'Data Structures', '2018-09-19', 1, 3),
(1614118, 'Samruddhi Zagade\r\n', 'Data Structures', '2018-09-19', 1, 3),
(1614116, 'Shubham Tawde\r\n', 'Data Structures', '2018-09-19', 1, 3),
(1614094, 'Anuya Padte\r\n', 'Data Structures', '2018-09-19', 1, 3),
(1614093, 'Yash Naik\r\n', 'Data Structures', '2018-09-19', 1, 3),
(1724015, 'Akshat Sarvaiya', 'Data Structures', '2018-09-19', 0, 3),
(1724017, 'Harshil shah', 'Data Structures', '2018-09-19', 0, 3),
(1614067, 'Moinuddin \r\n', 'Data Structures', '2018-09-19', 0, 3),
(1724010, 'Rishabh Lalla\r\n', 'Data Structures', '2018-09-19', 0, 3),
(1614115, 'Siddharth Vaghela\r\n', 'Data Structures', '2018-09-19', 0, 3),
(1724015, 'Akshat Sarvaiya', 'Data Structures', '2018-09-25', 0, 3),
(1614124, 'Jayesh Karvir', 'Data Structures', '2018-09-25', 0, 3),
(1724013, 'Rishabh Jain', 'Data Structures', '2018-09-25', 0, 3),
(1724002, 'Rahil Memon\r\n', 'Data Structures', '2018-09-25', 0, 3),
(1614105, 'Hitansh Shah\r\n', 'Data Structures', '2018-09-25', 0, 3),
(1624009, 'Prathamesh Tambe\r\n', 'Data Structures', '2018-09-25', 0, 3),
(1724007, 'Meer Shah\r\n', 'Data Structures', '2018-09-25', 0, 3),
(1614102, 'Adarsh Totla\r\n', 'Data Structures', '2018-09-25', 0, 3),
(1614118, 'Samruddhi Zagade\r\n', 'Data Structures', '2018-09-25', 0, 3),
(1614067, 'Moinuddin \r\n', 'Data Structures', '2018-09-25', 0, 3),
(1614116, 'Shubham Tawde\r\n', 'Data Structures', '2018-09-25', 0, 3);
INSERT INTO `attendance` (`rollno`, `name`, `subject`, `date`, `status`, `sem`) VALUES
(1614094, 'Anuya Padte\r\n', 'Data Structures', '2018-09-25', 0, 3),
(1724017, 'Harshil shah', 'Data Structures', '2018-09-25', 0, 3),
(1724010, 'Rishabh Lalla\r\n', 'Data Structures', '2018-09-25', 0, 3),
(1614115, 'Siddharth Vaghela\r\n', 'Data Structures', '2018-09-25', 0, 3),
(1614093, 'Yash Naik\r\n', 'Data Structures', '2018-09-25', 0, 3),
(1724015, 'Akshat Sarvaiya', 'Data Structures', '2018-09-26', 1, 3),
(1614124, 'Jayesh Karvir', 'Data Structures', '2018-09-26', 1, 3),
(1724017, 'Harshil shah', 'Data Structures', '2018-09-26', 1, 3),
(1724013, 'Rishabh Jain', 'Data Structures', '2018-09-26', 1, 3),
(1724002, 'Rahil Memon\r\n', 'Data Structures', '2018-09-26', 1, 3),
(1614105, 'Hitansh Shah\r\n', 'Data Structures', '2018-09-26', 1, 3),
(1624009, 'Prathamesh Tambe\r\n', 'Data Structures', '2018-09-26', 1, 3),
(1724007, 'Meer Shah\r\n', 'Data Structures', '2018-09-26', 1, 3),
(1614102, 'Adarsh Totla\r\n', 'Data Structures', '2018-09-26', 1, 3),
(1614118, 'Samruddhi Zagade\r\n', 'Data Structures', '2018-09-26', 1, 3),
(1614067, 'Moinuddin \r\n', 'Data Structures', '2018-09-26', 1, 3),
(1614116, 'Shubham Tawde\r\n', 'Data Structures', '2018-09-26', 1, 3),
(1724010, 'Rishabh Lalla\r\n', 'Data Structures', '2018-09-26', 1, 3),
(1614094, 'Anuya Padte\r\n', 'Data Structures', '2018-09-26', 1, 3),
(1614115, 'Siddharth Vaghela\r\n', 'Data Structures', '2018-09-26', 1, 3),
(1614093, 'Yash Naik\r\n', 'Data Structures', '2018-09-26', 1, 3),
(1724015, 'Akshat Sarvaiya', 'Data Structures', '2018-10-02', 1, 3),
(1614124, 'Jayesh Karvir', 'Data Structures', '2018-10-02', 1, 3),
(1724017, 'Harshil shah', 'Data Structures', '2018-10-02', 1, 3),
(1724013, 'Rishabh Jain', 'Data Structures', '2018-10-02', 1, 3),
(1724002, 'Rahil Memon\r\n', 'Data Structures', '2018-10-02', 1, 3),
(1614105, 'Hitansh Shah\r\n', 'Data Structures', '2018-10-02', 1, 3),
(1624009, 'Prathamesh Tambe\r\n', 'Data Structures', '2018-10-02', 1, 3),
(1724007, 'Meer Shah\r\n', 'Data Structures', '2018-10-02', 1, 3),
(1614102, 'Adarsh Totla\r\n', 'Data Structures', '2018-10-02', 1, 3),
(1614118, 'Samruddhi Zagade\r\n', 'Data Structures', '2018-10-02', 1, 3),
(1614067, 'Moinuddin \r\n', 'Data Structures', '2018-10-02', 1, 3),
(1614116, 'Shubham Tawde\r\n', 'Data Structures', '2018-10-02', 1, 3),
(1724010, 'Rishabh Lalla\r\n', 'Data Structures', '2018-10-02', 1, 3),
(1614094, 'Anuya Padte\r\n', 'Data Structures', '2018-10-02', 1, 3),
(1614115, 'Siddharth Vaghela\r\n', 'Data Structures', '2018-10-02', 1, 3),
(1614093, 'Yash Naik\r\n', 'Data Structures', '2018-10-02', 1, 3),
(1724015, 'Akshat Sarvaiya', 'Data Structures', '2018-10-03', 1, 3),
(1614124, 'Jayesh Karvir', 'Data Structures', '2018-10-03', 1, 3),
(1724017, 'Harshil shah', 'Data Structures', '2018-10-03', 1, 3),
(1724013, 'Rishabh Jain', 'Data Structures', '2018-10-03', 1, 3),
(1724002, 'Rahil Memon\r\n', 'Data Structures', '2018-10-03', 1, 3),
(1614105, 'Hitansh Shah\r\n', 'Data Structures', '2018-10-03', 1, 3),
(1624009, 'Prathamesh Tambe\r\n', 'Data Structures', '2018-10-03', 1, 3),
(1724007, 'Meer Shah\r\n', 'Data Structures', '2018-10-03', 1, 3),
(1614102, 'Adarsh Totla\r\n', 'Data Structures', '2018-10-03', 1, 3),
(1614118, 'Samruddhi Zagade\r\n', 'Data Structures', '2018-10-03', 1, 3),
(1614067, 'Moinuddin \r\n', 'Data Structures', '2018-10-03', 1, 3),
(1614116, 'Shubham Tawde\r\n', 'Data Structures', '2018-10-03', 1, 3),
(1724010, 'Rishabh Lalla\r\n', 'Data Structures', '2018-10-03', 1, 3),
(1614094, 'Anuya Padte\r\n', 'Data Structures', '2018-10-03', 1, 3),
(1614115, 'Siddharth Vaghela\r\n', 'Data Structures', '2018-10-03', 1, 3),
(1614093, 'Yash Naik\r\n', 'Data Structures', '2018-10-03', 1, 3),
(1724015, 'Akshat Sarvaiya', 'Data Structures', '2018-10-09', 1, 3),
(1614124, 'Jayesh Karvir', 'Data Structures', '2018-10-09', 1, 3),
(1724017, 'Harshil shah', 'Data Structures', '2018-10-09', 1, 3),
(1724013, 'Rishabh Jain', 'Data Structures', '2018-10-09', 1, 3),
(1724002, 'Rahil Memon\r\n', 'Data Structures', '2018-10-09', 1, 3),
(1624009, 'Prathamesh Tambe\r\n', 'Data Structures', '2018-10-09', 1, 3),
(1724007, 'Meer Shah\r\n', 'Data Structures', '2018-10-09', 1, 3),
(1614102, 'Adarsh Totla\r\n', 'Data Structures', '2018-10-09', 1, 3),
(1614118, 'Samruddhi Zagade\r\n', 'Data Structures', '2018-10-09', 1, 3),
(1614067, 'Moinuddin \r\n', 'Data Structures', '2018-10-09', 1, 3),
(1614116, 'Shubham Tawde\r\n', 'Data Structures', '2018-10-09', 1, 3),
(1724010, 'Rishabh Lalla\r\n', 'Data Structures', '2018-10-09', 1, 3),
(1614094, 'Anuya Padte\r\n', 'Data Structures', '2018-10-09', 1, 3),
(1614115, 'Siddharth Vaghela\r\n', 'Data Structures', '2018-10-09', 1, 3),
(1614093, 'Yash Naik\r\n', 'Data Structures', '2018-10-09', 1, 3),
(1614105, 'Hitansh Shah\r\n', 'Data Structures', '2018-10-09', 0, 3),
(1724015, 'Akshat Sarvaiya', 'Data Structures', '2018-10-10', 1, 3),
(1614124, 'Jayesh Karvir', 'Data Structures', '2018-10-10', 1, 3),
(1724017, 'Harshil shah', 'Data Structures', '2018-10-10', 1, 3),
(1724013, 'Rishabh Jain', 'Data Structures', '2018-10-10', 1, 3),
(1724002, 'Rahil Memon\r\n', 'Data Structures', '2018-10-10', 1, 3),
(1614105, 'Hitansh Shah\r\n', 'Data Structures', '2018-10-10', 1, 3),
(1624009, 'Prathamesh Tambe\r\n', 'Data Structures', '2018-10-10', 1, 3),
(1724007, 'Meer Shah\r\n', 'Data Structures', '2018-10-10', 1, 3),
(1614102, 'Adarsh Totla\r\n', 'Data Structures', '2018-10-10', 1, 3),
(1614118, 'Samruddhi Zagade\r\n', 'Data Structures', '2018-10-10', 1, 3),
(1614067, 'Moinuddin \r\n', 'Data Structures', '2018-10-10', 1, 3),
(1614116, 'Shubham Tawde\r\n', 'Data Structures', '2018-10-10', 1, 3),
(1724010, 'Rishabh Lalla\r\n', 'Data Structures', '2018-10-10', 1, 3),
(1614094, 'Anuya Padte\r\n', 'Data Structures', '2018-10-10', 1, 3),
(1614115, 'Siddharth Vaghela\r\n', 'Data Structures', '2018-10-10', 1, 3),
(1614093, 'Yash Naik\r\n', 'Data Structures', '2018-10-10', 1, 3),
(1724015, 'Akshat Sarvaiya', 'Data Structures', '2018-10-16', 1, 3),
(1614124, 'Jayesh Karvir', 'Data Structures', '2018-10-16', 1, 3),
(1724017, 'Harshil shah', 'Data Structures', '2018-10-16', 1, 3),
(1724002, 'Rahil Memon\r\n', 'Data Structures', '2018-10-16', 1, 3),
(1624009, 'Prathamesh Tambe\r\n', 'Data Structures', '2018-10-16', 1, 3),
(1724007, 'Meer Shah\r\n', 'Data Structures', '2018-10-16', 1, 3),
(1614102, 'Adarsh Totla\r\n', 'Data Structures', '2018-10-16', 1, 3),
(1614116, 'Shubham Tawde\r\n', 'Data Structures', '2018-10-16', 1, 3),
(1614094, 'Anuya Padte\r\n', 'Data Structures', '2018-10-16', 1, 3),
(1614115, 'Siddharth Vaghela\r\n', 'Data Structures', '2018-10-16', 1, 3),
(1724013, 'Rishabh Jain', 'Data Structures', '2018-10-16', 0, 3),
(1614105, 'Hitansh Shah\r\n', 'Data Structures', '2018-10-16', 0, 3),
(1614118, 'Samruddhi Zagade\r\n', 'Data Structures', '2018-10-16', 0, 3),
(1614067, 'Moinuddin \r\n', 'Data Structures', '2018-10-16', 0, 3),
(1724010, 'Rishabh Lalla\r\n', 'Data Structures', '2018-10-16', 0, 3),
(1614093, 'Yash Naik\r\n', 'Data Structures', '2018-10-16', 0, 3),
(1724015, 'Akshat Sarvaiya', 'Data Structures', '2018-10-17', 1, 3),
(1614124, 'Jayesh Karvir', 'Data Structures', '2018-10-17', 1, 3),
(1724017, 'Harshil shah', 'Data Structures', '2018-10-17', 1, 3),
(1724002, 'Rahil Memon\r\n', 'Data Structures', '2018-10-17', 1, 3),
(1624009, 'Prathamesh Tambe\r\n', 'Data Structures', '2018-10-17', 1, 3),
(1724007, 'Meer Shah\r\n', 'Data Structures', '2018-10-17', 1, 3),
(1614102, 'Adarsh Totla\r\n', 'Data Structures', '2018-10-17', 1, 3),
(1614116, 'Shubham Tawde\r\n', 'Data Structures', '2018-10-17', 1, 3),
(1724010, 'Rishabh Lalla\r\n', 'Data Structures', '2018-10-17', 1, 3),
(1614094, 'Anuya Padte\r\n', 'Data Structures', '2018-10-17', 1, 3),
(1614115, 'Siddharth Vaghela\r\n', 'Data Structures', '2018-10-17', 1, 3),
(1614093, 'Yash Naik\r\n', 'Data Structures', '2018-10-17', 1, 3),
(1724013, 'Rishabh Jain', 'Data Structures', '2018-10-17', 0, 3),
(1614105, 'Hitansh Shah\r\n', 'Data Structures', '2018-10-17', 0, 3),
(1614118, 'Samruddhi Zagade\r\n', 'Data Structures', '2018-10-17', 0, 3),
(1614067, 'Moinuddin \r\n', 'Data Structures', '2018-10-17', 0, 3),
(1724015, 'Akshat Sarvaiya', 'Data Structures', '2018-10-23', 1, 3),
(1614124, 'Jayesh Karvir', 'Data Structures', '2018-10-23', 1, 3),
(1724017, 'Harshil shah', 'Data Structures', '2018-10-23', 1, 3),
(1724002, 'Rahil Memon\r\n', 'Data Structures', '2018-10-23', 1, 3),
(1624009, 'Prathamesh Tambe\r\n', 'Data Structures', '2018-10-23', 1, 3),
(1724007, 'Meer Shah\r\n', 'Data Structures', '2018-10-23', 1, 3),
(1614102, 'Adarsh Totla\r\n', 'Data Structures', '2018-10-23', 1, 3),
(1614118, 'Samruddhi Zagade\r\n', 'Data Structures', '2018-10-23', 1, 3),
(1614067, 'Moinuddin \r\n', 'Data Structures', '2018-10-23', 1, 3),
(1614116, 'Shubham Tawde\r\n', 'Data Structures', '2018-10-23', 1, 3),
(1724010, 'Rishabh Lalla\r\n', 'Data Structures', '2018-10-23', 1, 3),
(1614094, 'Anuya Padte\r\n', 'Data Structures', '2018-10-23', 1, 3),
(1614115, 'Siddharth Vaghela\r\n', 'Data Structures', '2018-10-23', 1, 3),
(1614093, 'Yash Naik\r\n', 'Data Structures', '2018-10-23', 1, 3),
(1724013, 'Rishabh Jain', 'Data Structures', '2018-10-23', 0, 3),
(1614105, 'Hitansh Shah\r\n', 'Data Structures', '2018-10-23', 0, 3),
(1724015, 'Akshat Sarvaiya', 'Data Structures', '2018-10-24', 1, 3),
(1614124, 'Jayesh Karvir', 'Data Structures', '2018-10-24', 1, 3),
(1724017, 'Harshil shah', 'Data Structures', '2018-10-24', 1, 3),
(1724013, 'Rishabh Jain', 'Data Structures', '2018-10-24', 1, 3),
(1724002, 'Rahil Memon\r\n', 'Data Structures', '2018-10-24', 1, 3),
(1614105, 'Hitansh Shah\r\n', 'Data Structures', '2018-10-24', 1, 3),
(1624009, 'Prathamesh Tambe\r\n', 'Data Structures', '2018-10-24', 1, 3),
(1724007, 'Meer Shah\r\n', 'Data Structures', '2018-10-24', 1, 3),
(1614102, 'Adarsh Totla\r\n', 'Data Structures', '2018-10-24', 1, 3),
(1614118, 'Samruddhi Zagade\r\n', 'Data Structures', '2018-10-24', 1, 3),
(1614067, 'Moinuddin \r\n', 'Data Structures', '2018-10-24', 1, 3),
(1614116, 'Shubham Tawde\r\n', 'Data Structures', '2018-10-24', 1, 3),
(1724010, 'Rishabh Lalla\r\n', 'Data Structures', '2018-10-24', 1, 3),
(1614094, 'Anuya Padte\r\n', 'Data Structures', '2018-10-24', 1, 3),
(1614115, 'Siddharth Vaghela\r\n', 'Data Structures', '2018-10-24', 1, 3),
(1614093, 'Yash Naik\r\n', 'Data Structures', '2018-10-24', 1, 3),
(1614124, 'Jayesh Karvir', 'Data Structures', '2018-10-30', 1, 3),
(1724017, 'Harshil shah', 'Data Structures', '2018-10-30', 1, 3),
(1724013, 'Rishabh Jain', 'Data Structures', '2018-10-30', 1, 3),
(1724002, 'Rahil Memon\r\n', 'Data Structures', '2018-10-30', 1, 3),
(1614105, 'Hitansh Shah\r\n', 'Data Structures', '2018-10-30', 1, 3),
(1624009, 'Prathamesh Tambe\r\n', 'Data Structures', '2018-10-30', 1, 3),
(1724007, 'Meer Shah\r\n', 'Data Structures', '2018-10-30', 1, 3),
(1614102, 'Adarsh Totla\r\n', 'Data Structures', '2018-10-30', 1, 3),
(1614118, 'Samruddhi Zagade\r\n', 'Data Structures', '2018-10-30', 1, 3),
(1614116, 'Shubham Tawde\r\n', 'Data Structures', '2018-10-30', 1, 3),
(1614115, 'Siddharth Vaghela\r\n', 'Data Structures', '2018-10-30', 1, 3),
(1614093, 'Yash Naik\r\n', 'Data Structures', '2018-10-30', 1, 3),
(1724015, 'Akshat Sarvaiya', 'Data Structures', '2018-10-30', 0, 3),
(1614067, 'Moinuddin \r\n', 'Data Structures', '2018-10-30', 0, 3),
(1724010, 'Rishabh Lalla\r\n', 'Data Structures', '2018-10-30', 0, 3),
(1614094, 'Anuya Padte\r\n', 'Data Structures', '2018-10-30', 0, 3),
(1724015, 'Akshat Sarvaiya', 'Data Structures', '2018-10-31', 1, 3),
(1614124, 'Jayesh Karvir', 'Data Structures', '2018-10-31', 1, 3),
(1724017, 'Harshil shah', 'Data Structures', '2018-10-31', 1, 3),
(1724013, 'Rishabh Jain', 'Data Structures', '2018-10-31', 1, 3),
(1724002, 'Rahil Memon\r\n', 'Data Structures', '2018-10-31', 1, 3),
(1614105, 'Hitansh Shah\r\n', 'Data Structures', '2018-10-31', 1, 3),
(1624009, 'Prathamesh Tambe\r\n', 'Data Structures', '2018-10-31', 1, 3),
(1724007, 'Meer Shah\r\n', 'Data Structures', '2018-10-31', 1, 3),
(1614102, 'Adarsh Totla\r\n', 'Data Structures', '2018-10-31', 1, 3),
(1614118, 'Samruddhi Zagade\r\n', 'Data Structures', '2018-10-31', 1, 3),
(1614067, 'Moinuddin \r\n', 'Data Structures', '2018-10-31', 1, 3),
(1614116, 'Shubham Tawde\r\n', 'Data Structures', '2018-10-31', 1, 3),
(1724010, 'Rishabh Lalla\r\n', 'Data Structures', '2018-10-31', 1, 3),
(1614094, 'Anuya Padte\r\n', 'Data Structures', '2018-10-31', 1, 3),
(1614115, 'Siddharth Vaghela\r\n', 'Data Structures', '2018-10-31', 1, 3),
(1614093, 'Yash Naik\r\n', 'Data Structures', '2018-10-31', 1, 3),
(1414088, 'Shubham Chavan', 'Computer Graphics', '2018-09-03', 1, 5),
(1724016, 'Parth Shah', 'Computer Graphics', '2018-09-03', 0, 5),
(1724018, 'Bhavya Gada', 'Computer Graphics', '2018-09-03', 1, 5),
(1614074, 'Harshil Gogri\r\n', 'Computer Graphics', '2018-09-03', 1, 5),
(1724009, 'Bhagyashree Sawant\r\n', 'Computer Graphics', '2018-09-03', 1, 5),
(1614064, 'Jishna Jayan\r\n', 'Computer Graphics', '2018-09-03', 1, 5),
(1724001, 'Darshan Goswami\r\n', 'Computer Graphics', '2018-09-03', 1, 5),
(1724003, 'Palak Shah', 'Computer Graphics', '2018-09-03', 1, 5),
(1614085, 'Stuti Mangalvedhe\r\n', 'Computer Graphics', '2018-09-03', 1, 5),
(1614101, 'Karan Prajapati\r\n', 'Computer Graphics', '2018-09-03', 1, 5),
(1614107, 'Meet Shah\r\n', 'Computer Graphics', '2018-09-03', 1, 5),
(1724018, 'Bhavya Gada', 'Computer Graphics', '2018-09-05', 1, 5),
(1614074, 'Harshil Gogri\r\n', 'Computer Graphics', '2018-09-05', 1, 5),
(1724009, 'Bhagyashree Sawant\r\n', 'Computer Graphics', '2018-09-05', 1, 5),
(1614064, 'Jishna Jayan\r\n', 'Computer Graphics', '2018-09-05', 1, 5),
(1724001, 'Darshan Goswami\r\n', 'Computer Graphics', '2018-09-05', 1, 5),
(1724003, 'Palak Shah', 'Computer Graphics', '2018-09-05', 1, 5),
(1614101, 'Karan Prajapati\r\n', 'Computer Graphics', '2018-09-05', 1, 5),
(1614107, 'Meet Shah\r\n', 'Computer Graphics', '2018-09-05', 1, 5),
(1414088, 'Shubham Chavan', 'Computer Graphics', '2018-09-05', 0, 5),
(1724016, 'Parth Shah', 'Computer Graphics', '2018-09-05', 0, 5),
(1614085, 'Stuti Mangalvedhe\r\n', 'Computer Graphics', '2018-09-05', 0, 5),
(1414088, 'Shubham Chavan', 'Computer Graphics', '2018-09-10', 1, 5),
(1724016, 'Parth Shah', 'Computer Graphics', '2018-09-10', 0, 5),
(1724018, 'Bhavya Gada', 'Computer Graphics', '2018-09-10', 1, 5),
(1614074, 'Harshil Gogri\r\n', 'Computer Graphics', '2018-09-10', 1, 5),
(1724009, 'Bhagyashree Sawant\r\n', 'Computer Graphics', '2018-09-10', 1, 5),
(1614064, 'Jishna Jayan\r\n', 'Computer Graphics', '2018-09-10', 1, 5),
(1724001, 'Darshan Goswami\r\n', 'Computer Graphics', '2018-09-10', 1, 5),
(1724003, 'Palak Shah', 'Computer Graphics', '2018-09-10', 1, 5),
(1614107, 'Meet Shah\r\n', 'Computer Graphics', '2018-09-10', 1, 5),
(1614085, 'Stuti Mangalvedhe\r\n', 'Computer Graphics', '2018-09-10', 0, 5),
(1614101, 'Karan Prajapati\r\n', 'Computer Graphics', '2018-09-10', 0, 5),
(1414088, 'Shubham Chavan', 'Computer Graphics', '2018-09-12', 1, 5),
(1724016, 'Parth Shah', 'Computer Graphics', '2018-09-12', 1, 5),
(1614074, 'Harshil Gogri\r\n', 'Computer Graphics', '2018-09-12', 1, 5),
(1724009, 'Bhagyashree Sawant\r\n', 'Computer Graphics', '2018-09-12', 1, 5),
(1724001, 'Darshan Goswami\r\n', 'Computer Graphics', '2018-09-12', 1, 5),
(1724003, 'Palak Shah', 'Computer Graphics', '2018-09-12', 1, 5),
(1614101, 'Karan Prajapati\r\n', 'Computer Graphics', '2018-09-12', 1, 5),
(1724018, 'Bhavya Gada', 'Computer Graphics', '2018-09-12', 0, 5),
(1614064, 'Jishna Jayan\r\n', 'Computer Graphics', '2018-09-12', 0, 5),
(1614085, 'Stuti Mangalvedhe\r\n', 'Computer Graphics', '2018-09-12', 0, 5),
(1614107, 'Meet Shah\r\n', 'Computer Graphics', '2018-09-12', 0, 5),
(1414088, 'Shubham Chavan', 'Computer Graphics', '2018-09-17', 1, 5),
(1724016, 'Parth Shah', 'Computer Graphics', '2018-09-17', 1, 5),
(1724018, 'Bhavya Gada', 'Computer Graphics', '2018-09-17', 1, 5),
(1614074, 'Harshil Gogri\r\n', 'Computer Graphics', '2018-09-17', 1, 5),
(1724009, 'Bhagyashree Sawant\r\n', 'Computer Graphics', '2018-09-17', 1, 5),
(1614064, 'Jishna Jayan\r\n', 'Computer Graphics', '2018-09-17', 1, 5),
(1724001, 'Darshan Goswami\r\n', 'Computer Graphics', '2018-09-17', 1, 5),
(1724003, 'Palak Shah', 'Computer Graphics', '2018-09-17', 1, 5),
(1614085, 'Stuti Mangalvedhe\r\n', 'Computer Graphics', '2018-09-17', 1, 5),
(1614101, 'Karan Prajapati\r\n', 'Computer Graphics', '2018-09-17', 1, 5),
(1614107, 'Meet Shah\r\n', 'Computer Graphics', '2018-09-17', 1, 5),
(1414088, 'Shubham Chavan', 'Computer Graphics', '2018-09-19', 1, 5),
(1724016, 'Parth Shah', 'Computer Graphics', '2018-09-19', 0, 5),
(1724018, 'Bhavya Gada', 'Computer Graphics', '2018-09-19', 1, 5),
(1614074, 'Harshil Gogri\r\n', 'Computer Graphics', '2018-09-19', 1, 5),
(1724009, 'Bhagyashree Sawant\r\n', 'Computer Graphics', '2018-09-19', 1, 5),
(1614064, 'Jishna Jayan\r\n', 'Computer Graphics', '2018-09-19', 1, 5),
(1724001, 'Darshan Goswami\r\n', 'Computer Graphics', '2018-09-19', 1, 5),
(1724003, 'Palak Shah', 'Computer Graphics', '2018-09-19', 1, 5),
(1614085, 'Stuti Mangalvedhe\r\n', 'Computer Graphics', '2018-09-19', 1, 5),
(1614101, 'Karan Prajapati\r\n', 'Computer Graphics', '2018-09-19', 1, 5),
(1614107, 'Meet Shah\r\n', 'Computer Graphics', '2018-09-19', 1, 5),
(1414088, 'Shubham Chavan', 'Computer Graphics', '2018-09-24', 1, 5),
(1724016, 'Parth Shah', 'Computer Graphics', '2018-09-24', 0, 5),
(1724018, 'Bhavya Gada', 'Computer Graphics', '2018-09-24', 1, 5),
(1614074, 'Harshil Gogri\r\n', 'Computer Graphics', '2018-09-24', 1, 5),
(1724009, 'Bhagyashree Sawant\r\n', 'Computer Graphics', '2018-09-24', 1, 5),
(1614064, 'Jishna Jayan\r\n', 'Computer Graphics', '2018-09-24', 1, 5),
(1724001, 'Darshan Goswami\r\n', 'Computer Graphics', '2018-09-24', 1, 5),
(1724003, 'Palak Shah', 'Computer Graphics', '2018-09-24', 1, 5),
(1614085, 'Stuti Mangalvedhe\r\n', 'Computer Graphics', '2018-09-24', 1, 5),
(1614101, 'Karan Prajapati\r\n', 'Computer Graphics', '2018-09-24', 1, 5),
(1614107, 'Meet Shah\r\n', 'Computer Graphics', '2018-09-24', 1, 5),
(1414088, 'Shubham Chavan', 'Computer Graphics', '2018-09-26', 1, 5),
(1724016, 'Parth Shah', 'Computer Graphics', '2018-09-26', 1, 5),
(1614064, 'Jishna Jayan\r\n', 'Computer Graphics', '2018-09-26', 1, 5),
(1724001, 'Darshan Goswami\r\n', 'Computer Graphics', '2018-09-26', 1, 5),
(1724003, 'Palak Shah', 'Computer Graphics', '2018-09-26', 1, 5),
(1614085, 'Stuti Mangalvedhe\r\n', 'Computer Graphics', '2018-09-26', 1, 5),
(1614101, 'Karan Prajapati\r\n', 'Computer Graphics', '2018-09-26', 1, 5),
(1724018, 'Bhavya Gada', 'Computer Graphics', '2018-09-26', 0, 5),
(1614074, 'Harshil Gogri\r\n', 'Computer Graphics', '2018-09-26', 0, 5),
(1724009, 'Bhagyashree Sawant\r\n', 'Computer Graphics', '2018-09-26', 0, 5),
(1614107, 'Meet Shah\r\n', 'Computer Graphics', '2018-09-26', 0, 5),
(1414088, 'Shubham Chavan', 'Computer Graphics', '2018-10-01', 1, 5),
(1724016, 'Parth Shah', 'Computer Graphics', '2018-10-01', 1, 5),
(1724018, 'Bhavya Gada', 'Computer Graphics', '2018-10-01', 1, 5),
(1724009, 'Bhagyashree Sawant\r\n', 'Computer Graphics', '2018-10-01', 1, 5),
(1614064, 'Jishna Jayan\r\n', 'Computer Graphics', '2018-10-01', 1, 5),
(1724001, 'Darshan Goswami\r\n', 'Computer Graphics', '2018-10-01', 1, 5),
(1724003, 'Palak Shah', 'Computer Graphics', '2018-10-01', 1, 5),
(1614085, 'Stuti Mangalvedhe\r\n', 'Computer Graphics', '2018-10-01', 1, 5),
(1614101, 'Karan Prajapati\r\n', 'Computer Graphics', '2018-10-01', 1, 5),
(1614074, 'Harshil Gogri\r\n', 'Computer Graphics', '2018-10-01', 0, 5),
(1614107, 'Meet Shah\r\n', 'Computer Graphics', '2018-10-01', 0, 5),
(1414088, 'Shubham Chavan', 'Computer Graphics', '2018-10-03', 1, 5),
(1724016, 'Parth Shah', 'Computer Graphics', '2018-10-03', 1, 5),
(1724018, 'Bhavya Gada', 'Computer Graphics', '2018-10-03', 1, 5),
(1614074, 'Harshil Gogri\r\n', 'Computer Graphics', '2018-10-03', 1, 5),
(1724009, 'Bhagyashree Sawant\r\n', 'Computer Graphics', '2018-10-03', 1, 5),
(1724003, 'Palak Shah', 'Computer Graphics', '2018-10-03', 1, 5),
(1614085, 'Stuti Mangalvedhe\r\n', 'Computer Graphics', '2018-10-03', 1, 5),
(1614107, 'Meet Shah\r\n', 'Computer Graphics', '2018-10-03', 1, 5),
(1614064, 'Jishna Jayan\r\n', 'Computer Graphics', '2018-10-03', 0, 5),
(1724001, 'Darshan Goswami\r\n', 'Computer Graphics', '2018-10-03', 0, 5),
(1614101, 'Karan Prajapati\r\n', 'Computer Graphics', '2018-10-03', 0, 5),
(1414088, 'Shubham Chavan', 'Computer Graphics', '2018-10-08', 1, 5),
(1724016, 'Parth Shah', 'Computer Graphics', '2018-10-08', 1, 5),
(1724018, 'Bhavya Gada', 'Computer Graphics', '2018-10-08', 1, 5),
(1614074, 'Harshil Gogri\r\n', 'Computer Graphics', '2018-10-08', 1, 5),
(1724009, 'Bhagyashree Sawant\r\n', 'Computer Graphics', '2018-10-08', 1, 5),
(1614064, 'Jishna Jayan\r\n', 'Computer Graphics', '2018-10-08', 1, 5),
(1724001, 'Darshan Goswami\r\n', 'Computer Graphics', '2018-10-08', 1, 5),
(1724003, 'Palak Shah', 'Computer Graphics', '2018-10-08', 1, 5),
(1614085, 'Stuti Mangalvedhe\r\n', 'Computer Graphics', '2018-10-08', 1, 5),
(1614101, 'Karan Prajapati\r\n', 'Computer Graphics', '2018-10-08', 1, 5),
(1614107, 'Meet Shah\r\n', 'Computer Graphics', '2018-10-08', 1, 5),
(1414088, 'Shubham Chavan', 'Computer Graphics', '2018-10-10', 1, 5),
(1724016, 'Parth Shah', 'Computer Graphics', '2018-10-10', 1, 5),
(1724018, 'Bhavya Gada', 'Computer Graphics', '2018-10-10', 1, 5),
(1614074, 'Harshil Gogri\r\n', 'Computer Graphics', '2018-10-10', 1, 5),
(1724009, 'Bhagyashree Sawant\r\n', 'Computer Graphics', '2018-10-10', 1, 5),
(1614064, 'Jishna Jayan\r\n', 'Computer Graphics', '2018-10-10', 1, 5),
(1724001, 'Darshan Goswami\r\n', 'Computer Graphics', '2018-10-10', 1, 5),
(1724003, 'Palak Shah', 'Computer Graphics', '2018-10-10', 1, 5),
(1614085, 'Stuti Mangalvedhe\r\n', 'Computer Graphics', '2018-10-10', 1, 5),
(1614101, 'Karan Prajapati\r\n', 'Computer Graphics', '2018-10-10', 1, 5),
(1614107, 'Meet Shah\r\n', 'Computer Graphics', '2018-10-10', 1, 5),
(1414088, 'Shubham Chavan', 'Computer Graphics', '2018-10-15', 1, 5),
(1724016, 'Parth Shah', 'Computer Graphics', '2018-10-15', 1, 5),
(1724018, 'Bhavya Gada', 'Computer Graphics', '2018-10-15', 1, 5),
(1614074, 'Harshil Gogri\r\n', 'Computer Graphics', '2018-10-15', 1, 5),
(1724009, 'Bhagyashree Sawant\r\n', 'Computer Graphics', '2018-10-15', 1, 5),
(1614064, 'Jishna Jayan\r\n', 'Computer Graphics', '2018-10-15', 1, 5),
(1724001, 'Darshan Goswami\r\n', 'Computer Graphics', '2018-10-15', 1, 5),
(1724003, 'Palak Shah', 'Computer Graphics', '2018-10-15', 1, 5),
(1614085, 'Stuti Mangalvedhe\r\n', 'Computer Graphics', '2018-10-15', 1, 5),
(1614101, 'Karan Prajapati\r\n', 'Computer Graphics', '2018-10-15', 1, 5),
(1614107, 'Meet Shah\r\n', 'Computer Graphics', '2018-10-15', 1, 5),
(1614074, 'Harshil Gogri\r\n', 'Computer Graphics', '2018-10-17', 1, 5),
(1724009, 'Bhagyashree Sawant\r\n', 'Computer Graphics', '2018-10-17', 1, 5),
(1614064, 'Jishna Jayan\r\n', 'Computer Graphics', '2018-10-17', 1, 5),
(1724001, 'Darshan Goswami\r\n', 'Computer Graphics', '2018-10-17', 1, 5),
(1614085, 'Stuti Mangalvedhe\r\n', 'Computer Graphics', '2018-10-17', 1, 5),
(1614101, 'Karan Prajapati\r\n', 'Computer Graphics', '2018-10-17', 1, 5),
(1614107, 'Meet Shah\r\n', 'Computer Graphics', '2018-10-17', 1, 5),
(1414088, 'Shubham Chavan', 'Computer Graphics', '2018-10-17', 0, 5),
(1724016, 'Parth Shah', 'Computer Graphics', '2018-10-17', 0, 5),
(1724018, 'Bhavya Gada', 'Computer Graphics', '2018-10-17', 0, 5),
(1724003, 'Palak Shah', 'Computer Graphics', '2018-10-17', 0, 5),
(1414088, 'Shubham Chavan', 'Computer Graphics', '2018-10-22', 1, 5),
(1724016, 'Parth Shah', 'Computer Graphics', '2018-10-22', 0, 5),
(1724018, 'Bhavya Gada', 'Computer Graphics', '2018-10-22', 1, 5),
(1614074, 'Harshil Gogri\r\n', 'Computer Graphics', '2018-10-22', 1, 5),
(1724009, 'Bhagyashree Sawant\r\n', 'Computer Graphics', '2018-10-22', 1, 5),
(1724001, 'Darshan Goswami\r\n', 'Computer Graphics', '2018-10-22', 1, 5),
(1614085, 'Stuti Mangalvedhe\r\n', 'Computer Graphics', '2018-10-22', 1, 5),
(1614107, 'Meet Shah\r\n', 'Computer Graphics', '2018-10-22', 1, 5),
(1614064, 'Jishna Jayan\r\n', 'Computer Graphics', '2018-10-22', 0, 5),
(1724003, 'Palak Shah', 'Computer Graphics', '2018-10-22', 0, 5),
(1614101, 'Karan Prajapati\r\n', 'Computer Graphics', '2018-10-22', 0, 5),
(1414088, 'Shubham Chavan', 'Computer Graphics', '2018-10-24', 1, 5),
(1724016, 'Parth Shah', 'Computer Graphics', '2018-10-24', 1, 5),
(1724018, 'Bhavya Gada', 'Computer Graphics', '2018-10-24', 1, 5),
(1614074, 'Harshil Gogri\r\n', 'Computer Graphics', '2018-10-24', 1, 5),
(1724009, 'Bhagyashree Sawant\r\n', 'Computer Graphics', '2018-10-24', 1, 5),
(1614064, 'Jishna Jayan\r\n', 'Computer Graphics', '2018-10-24', 1, 5),
(1724001, 'Darshan Goswami\r\n', 'Computer Graphics', '2018-10-24', 1, 5),
(1724003, 'Palak Shah', 'Computer Graphics', '2018-10-24', 1, 5),
(1614085, 'Stuti Mangalvedhe\r\n', 'Computer Graphics', '2018-10-24', 1, 5),
(1614101, 'Karan Prajapati\r\n', 'Computer Graphics', '2018-10-24', 1, 5),
(1614107, 'Meet Shah\r\n', 'Computer Graphics', '2018-10-24', 1, 5),
(1414088, 'Shubham Chavan', 'Computer Graphics', '2018-10-29', 1, 5),
(1724016, 'Parth Shah', 'Computer Graphics', '2018-10-29', 1, 5),
(1724018, 'Bhavya Gada', 'Computer Graphics', '2018-10-29', 1, 5),
(1614074, 'Harshil Gogri\r\n', 'Computer Graphics', '2018-10-29', 1, 5),
(1724009, 'Bhagyashree Sawant\r\n', 'Computer Graphics', '2018-10-29', 1, 5),
(1614064, 'Jishna Jayan\r\n', 'Computer Graphics', '2018-10-29', 1, 5),
(1724001, 'Darshan Goswami\r\n', 'Computer Graphics', '2018-10-29', 1, 5),
(1724003, 'Palak Shah', 'Computer Graphics', '2018-10-29', 1, 5),
(1614085, 'Stuti Mangalvedhe\r\n', 'Computer Graphics', '2018-10-29', 1, 5),
(1614101, 'Karan Prajapati\r\n', 'Computer Graphics', '2018-10-29', 1, 5),
(1614107, 'Meet Shah\r\n', 'Computer Graphics', '2018-10-29', 1, 5),
(1414088, 'Shubham Chavan', 'Computer Graphics', '2018-10-31', 1, 5),
(1724016, 'Parth Shah', 'Computer Graphics', '2018-10-31', 1, 5),
(1724018, 'Bhavya Gada', 'Computer Graphics', '2018-10-31', 1, 5),
(1614074, 'Harshil Gogri\r\n', 'Computer Graphics', '2018-10-31', 1, 5),
(1724009, 'Bhagyashree Sawant\r\n', 'Computer Graphics', '2018-10-31', 1, 5),
(1614064, 'Jishna Jayan\r\n', 'Computer Graphics', '2018-10-31', 1, 5),
(1724001, 'Darshan Goswami\r\n', 'Computer Graphics', '2018-10-31', 1, 5),
(1724003, 'Palak Shah', 'Computer Graphics', '2018-10-31', 1, 5),
(1614085, 'Stuti Mangalvedhe\r\n', 'Computer Graphics', '2018-10-31', 1, 5),
(1614101, 'Karan Prajapati\r\n', 'Computer Graphics', '2018-10-31', 1, 5),
(1614107, 'Meet Shah\r\n', 'Computer Graphics', '2018-10-31', 1, 5),
(1724021, 'Saurabh Mestry', 'Applied Physics-1', '2018-09-04', 1, 1),
(1724011, 'Amit Pandey', 'Applied Physics-1', '2018-09-04', 1, 1),
(1614122, 'Varun Parmar', 'Applied Physics-1', '2018-09-04', 1, 1),
(1724004, 'Gaurav Chawhan\r\n', 'Applied Physics-1', '2018-09-04', 1, 1),
(1614104, 'Raihan Siddiqui\r\n', 'Applied Physics-1', '2018-09-04', 1, 1),
(1724023, 'Geeta Kukreja\r\n', 'Applied Physics-1', '2018-09-04', 1, 1),
(1724021, 'Saurabh Mestry', 'Applied Physics-1', '2018-09-07', 1, 1),
(1724004, 'Gaurav Chawhan\r\n', 'Applied Physics-1', '2018-09-07', 1, 1),
(1614104, 'Raihan Siddiqui\r\n', 'Applied Physics-1', '2018-09-07', 1, 1),
(1724011, 'Amit Pandey', 'Applied Physics-1', '2018-09-07', 0, 1),
(1614122, 'Varun Parmar', 'Applied Physics-1', '2018-09-07', 0, 1),
(1724023, 'Geeta Kukreja\r\n', 'Applied Physics-1', '2018-09-07', 0, 1),
(1614122, 'Varun Parmar', 'Applied Physics-1', '2018-09-11', 1, 1),
(1724004, 'Gaurav Chawhan\r\n', 'Applied Physics-1', '2018-09-11', 1, 1),
(1614104, 'Raihan Siddiqui\r\n', 'Applied Physics-1', '2018-09-11', 1, 1),
(1724023, 'Geeta Kukreja\r\n', 'Applied Physics-1', '2018-09-11', 1, 1),
(1724021, 'Saurabh Mestry', 'Applied Physics-1', '2018-09-11', 0, 1),
(1724011, 'Amit Pandey', 'Applied Physics-1', '2018-09-11', 0, 1),
(1724021, 'Saurabh Mestry', 'Applied Physics-1', '2018-09-14', 1, 1),
(1724011, 'Amit Pandey', 'Applied Physics-1', '2018-09-14', 1, 1),
(1614122, 'Varun Parmar', 'Applied Physics-1', '2018-09-14', 1, 1),
(1724023, 'Geeta Kukreja\r\n', 'Applied Physics-1', '2018-09-14', 1, 1),
(1724004, 'Gaurav Chawhan\r\n', 'Applied Physics-1', '2018-09-14', 0, 1),
(1614104, 'Raihan Siddiqui\r\n', 'Applied Physics-1', '2018-09-14', 0, 1),
(1724021, 'Saurabh Mestry', 'Applied Physics-1', '2018-09-18', 1, 1),
(1724011, 'Amit Pandey', 'Applied Physics-1', '2018-09-18', 1, 1),
(1724004, 'Gaurav Chawhan\r\n', 'Applied Physics-1', '2018-09-18', 1, 1),
(1614104, 'Raihan Siddiqui\r\n', 'Applied Physics-1', '2018-09-18', 1, 1),
(1614122, 'Varun Parmar', 'Applied Physics-1', '2018-09-18', 0, 1),
(1724023, 'Geeta Kukreja\r\n', 'Applied Physics-1', '2018-09-18', 0, 1),
(1724021, 'Saurabh Mestry', 'Applied Physics-1', '2018-09-21', 1, 1),
(1724011, 'Amit Pandey', 'Applied Physics-1', '2018-09-21', 1, 1),
(1614122, 'Varun Parmar', 'Applied Physics-1', '2018-09-21', 1, 1),
(1724004, 'Gaurav Chawhan\r\n', 'Applied Physics-1', '2018-09-21', 1, 1),
(1614104, 'Raihan Siddiqui\r\n', 'Applied Physics-1', '2018-09-21', 1, 1),
(1724023, 'Geeta Kukreja\r\n', 'Applied Physics-1', '2018-09-21', 1, 1),
(1724021, 'Saurabh Mestry', 'Applied Physics-1', '2018-09-25', 0, 1),
(1724011, 'Amit Pandey', 'Applied Physics-1', '2018-09-25', 0, 1),
(1614122, 'Varun Parmar', 'Applied Physics-1', '2018-09-25', 0, 1),
(1724004, 'Gaurav Chawhan\r\n', 'Applied Physics-1', '2018-09-25', 0, 1),
(1614104, 'Raihan Siddiqui\r\n', 'Applied Physics-1', '2018-09-25', 0, 1),
(1724023, 'Geeta Kukreja\r\n', 'Applied Physics-1', '2018-09-25', 0, 1),
(1724021, 'Saurabh Mestry', 'Applied Physics-1', '2018-09-28', 1, 1),
(1724011, 'Amit Pandey', 'Applied Physics-1', '2018-09-28', 1, 1),
(1614122, 'Varun Parmar', 'Applied Physics-1', '2018-09-28', 1, 1),
(1724004, 'Gaurav Chawhan\r\n', 'Applied Physics-1', '2018-09-28', 1, 1),
(1614104, 'Raihan Siddiqui\r\n', 'Applied Physics-1', '2018-09-28', 1, 1),
(1724023, 'Geeta Kukreja\r\n', 'Applied Physics-1', '2018-09-28', 1, 1),
(1724011, 'Amit Pandey', 'Applied Physics-1', '2018-10-02', 1, 1),
(1614122, 'Varun Parmar', 'Applied Physics-1', '2018-10-02', 1, 1),
(1614104, 'Raihan Siddiqui\r\n', 'Applied Physics-1', '2018-10-02', 1, 1),
(1724023, 'Geeta Kukreja\r\n', 'Applied Physics-1', '2018-10-02', 1, 1),
(1724021, 'Saurabh Mestry', 'Applied Physics-1', '2018-10-02', 0, 1),
(1724004, 'Gaurav Chawhan\r\n', 'Applied Physics-1', '2018-10-02', 0, 1),
(1724021, 'Saurabh Mestry', 'Applied Physics-1', '2018-10-05', 1, 1),
(1724011, 'Amit Pandey', 'Applied Physics-1', '2018-10-05', 1, 1),
(1614122, 'Varun Parmar', 'Applied Physics-1', '2018-10-05', 1, 1),
(1724023, 'Geeta Kukreja\r\n', 'Applied Physics-1', '2018-10-05', 1, 1),
(1724004, 'Gaurav Chawhan\r\n', 'Applied Physics-1', '2018-10-05', 0, 1),
(1614104, 'Raihan Siddiqui\r\n', 'Applied Physics-1', '2018-10-05', 0, 1),
(1724021, 'Saurabh Mestry', 'Applied Physics-1', '2018-10-09', 1, 1),
(1614122, 'Varun Parmar', 'Applied Physics-1', '2018-10-09', 1, 1),
(1724004, 'Gaurav Chawhan\r\n', 'Applied Physics-1', '2018-10-09', 1, 1),
(1724011, 'Amit Pandey', 'Applied Physics-1', '2018-10-09', 0, 1),
(1614104, 'Raihan Siddiqui\r\n', 'Applied Physics-1', '2018-10-09', 0, 1),
(1724023, 'Geeta Kukreja\r\n', 'Applied Physics-1', '2018-10-09', 0, 1),
(1724021, 'Saurabh Mestry', 'Applied Physics-1', '2018-10-12', 1, 1),
(1724011, 'Amit Pandey', 'Applied Physics-1', '2018-10-12', 1, 1),
(1614122, 'Varun Parmar', 'Applied Physics-1', '2018-10-12', 1, 1),
(1724004, 'Gaurav Chawhan\r\n', 'Applied Physics-1', '2018-10-12', 1, 1),
(1614104, 'Raihan Siddiqui\r\n', 'Applied Physics-1', '2018-10-12', 1, 1),
(1724023, 'Geeta Kukreja\r\n', 'Applied Physics-1', '2018-10-12', 1, 1),
(1724021, 'Saurabh Mestry', 'Applied Physics-1', '2018-10-16', 1, 1),
(1724011, 'Amit Pandey', 'Applied Physics-1', '2018-10-16', 1, 1),
(1614122, 'Varun Parmar', 'Applied Physics-1', '2018-10-16', 1, 1),
(1724004, 'Gaurav Chawhan\r\n', 'Applied Physics-1', '2018-10-16', 1, 1),
(1614104, 'Raihan Siddiqui\r\n', 'Applied Physics-1', '2018-10-16', 1, 1),
(1724023, 'Geeta Kukreja\r\n', 'Applied Physics-1', '2018-10-16', 1, 1),
(1724021, 'Saurabh Mestry', 'Applied Physics-1', '2018-10-19', 1, 1),
(1724011, 'Amit Pandey', 'Applied Physics-1', '2018-10-19', 1, 1),
(1614122, 'Varun Parmar', 'Applied Physics-1', '2018-10-19', 1, 1),
(1724004, 'Gaurav Chawhan\r\n', 'Applied Physics-1', '2018-10-19', 1, 1),
(1614104, 'Raihan Siddiqui\r\n', 'Applied Physics-1', '2018-10-19', 1, 1),
(1724023, 'Geeta Kukreja\r\n', 'Applied Physics-1', '2018-10-19', 1, 1),
(1724021, 'Saurabh Mestry', 'Applied Physics-1', '2018-10-23', 1, 1),
(1724004, 'Gaurav Chawhan\r\n', 'Applied Physics-1', '2018-10-23', 1, 1),
(1614104, 'Raihan Siddiqui\r\n', 'Applied Physics-1', '2018-10-23', 1, 1),
(1724023, 'Geeta Kukreja\r\n', 'Applied Physics-1', '2018-10-23', 1, 1),
(1724011, 'Amit Pandey', 'Applied Physics-1', '2018-10-23', 0, 1),
(1614122, 'Varun Parmar', 'Applied Physics-1', '2018-10-23', 0, 1),
(1724004, 'Gaurav Chawhan\r\n', 'Applied Physics-1', '2018-10-26', 1, 1),
(1614104, 'Raihan Siddiqui\r\n', 'Applied Physics-1', '2018-10-26', 1, 1),
(1724021, 'Saurabh Mestry', 'Applied Physics-1', '2018-10-26', 0, 1),
(1724011, 'Amit Pandey', 'Applied Physics-1', '2018-10-26', 0, 1),
(1614122, 'Varun Parmar', 'Applied Physics-1', '2018-10-26', 0, 1),
(1724023, 'Geeta Kukreja\r\n', 'Applied Physics-1', '2018-10-26', 0, 1),
(1724021, 'Saurabh Mestry', 'Applied Physics-1', '2018-10-30', 1, 1),
(1724011, 'Amit Pandey', 'Applied Physics-1', '2018-10-30', 1, 1),
(1614122, 'Varun Parmar', 'Applied Physics-1', '2018-10-30', 1, 1),
(1724004, 'Gaurav Chawhan\r\n', 'Applied Physics-1', '2018-10-30', 1, 1),
(1614104, 'Raihan Siddiqui\r\n', 'Applied Physics-1', '2018-10-30', 1, 1),
(1724023, 'Geeta Kukreja\r\n', 'Applied Physics-1', '2018-10-30', 1, 1),
(1724021, 'Saurabh Mestry', 'Applied Physics-1', '2018-11-02', 1, 1),
(1724011, 'Amit Pandey', 'Applied Physics-1', '2018-11-02', 1, 1),
(1614122, 'Varun Parmar', 'Applied Physics-1', '2018-11-02', 1, 1),
(1724004, 'Gaurav Chawhan\r\n', 'Applied Physics-1', '2018-11-02', 1, 1),
(1614104, 'Raihan Siddiqui\r\n', 'Applied Physics-1', '2018-11-02', 1, 1),
(1724023, 'Geeta Kukreja\r\n', 'Applied Physics-1', '2018-11-02', 1, 1),
(1724020, 'Yash Gill', 'Big Data', '2018-09-12', 1, 7),
(1724014, 'Harsh Parekh\r\n', 'Big Data', '2018-09-12', 0, 7);

-- --------------------------------------------------------

--
-- Table structure for table `cgpa`
--

CREATE TABLE `cgpa` (
  `sub_id` int(100) NOT NULL,
  `sub_name` varchar(100) NOT NULL,
  `semester` int(10) NOT NULL,
  `dapartment` varchar(100) NOT NULL,
  `CA` int(10) NOT NULL,
  `ESE` int(11) NOT NULL,
  `theory` int(11) NOT NULL,
  `term_work` int(11) NOT NULL,
  `pracical` int(11) NOT NULL,
  `oral` int(11) NOT NULL
) ENGINE=InnoDB DEFAULT CHARSET=latin1;

--
-- Dumping data for table `cgpa`
--

INSERT INTO `cgpa` (`sub_id`, `sub_name`, `semester`, `dapartment`, `CA`, `ESE`, `theory`, `term_work`, `pracical`, `oral`) VALUES
(1, 'Engineering Mathematics-3', 3, 'IT', 40, 60, 100, 25, 0, 0),
(2, 'Database \r\nManagement \r\nSystems', 3, 'IT', 40, 60, 100, 0, 0, 0),
(3, 'Data Structures', 3, 'IT', 40, 60, 100, 0, 0, 0),
(4, 'Digital Logic \r\nDesign and \r\nApplications', 3, 'IT', 40, 60, 100, 0, 0, 0),
(5, 'Theory of \r\nComputers', 3, 'IT', 40, 60, 100, 25, 0, 0),
(6, 'Engineering Mathematics-4', 4, 'IT', 40, 60, 100, 25, 0, 0),
(7, 'Data Communication and Networking', 4, 'IT', 40, 60, 100, 0, 0, 0),
(8, 'Analysis of Algorithms', 4, 'IT', 40, 60, 100, 25, 0, 0),
(9, 'Computer Organization and Architecture', 4, 'IT', 40, 60, 100, 25, 0, 0),
(10, 'Web Programming I', 4, 'IT', 40, 60, 100, 0, 0, 0),
(11, 'Professional Communication Skills', 4, 'IT', 0, 0, 0, 50, 0, 0),
(12, 'Database Management Systems', 3, 'IT', 0, 0, 0, 25, 25, 0),
(13, 'Data Structures', 3, 'IT', 0, 0, 0, 25, 25, 0),
(14, 'Digital Logic Design and Applications', 3, 'IT', 0, 0, 0, 25, 0, 25),
(15, 'Programming LaboratoryI', 3, 'IT', 0, 0, 0, 50, 25, 25),
(16, 'Data Communication and Networking', 4, 'IT', 0, 0, 0, 25, 0, 25),
(17, 'Web Programming I', 4, 'IT', 0, 0, 0, 25, 25, 25),
(18, 'Programming LaboratoryII', 4, 'IT', 0, 0, 0, 50, 25, 25),
(19, 'Information Theory & Coding', 5, 'IT', 40, 60, 100, 0, 0, 0),
(20, 'Object Oriented Software Engineering', 5, 'IT', 40, 60, 100, 0, 0, 0),
(21, 'Advanced Databases', 5, 'IT', 40, 60, 100, 0, 0, 0),
(22, 'Computer Graphics', 5, 'IT', 40, 60, 100, 0, 0, 0),
(23, 'Operating Systems', 5, 'IT', 40, 60, 100, 0, 0, 0),
(24, 'Operating Systems Laboratory', 5, 'IT', 0, 0, 0, 25, 0, 25),
(25, 'Object Oriented Software Engineering Laboratory', 5, 'IT', 0, 0, 0, 25, 25, 0),
(26, 'Advanced \r\nDatabases\r\nLaboratory', 5, 'IT', 0, 0, 0, 25, 0, 25),
(27, 'Computer Graphics\r\nLaboratory', 5, 'IT', 0, 0, 0, 25, 25, 0),
(28, 'Web Programming -\r\nII', 5, 'IT', 0, 0, 0, 50, 25, 25),
(29, 'Information and \r\nNetwork Security', 6, 'IT', 40, 60, 100, 0, 0, 0),
(30, 'Microcontroller & \r\nEmbedded Systems', 6, 'IT', 40, 60, 100, 0, 0, 0),
(31, 'Data Mining', 6, 'IT', 40, 60, 100, 0, 0, 0),
(32, 'Development \r\nFrame works', 6, 'IT', 40, 60, 100, 0, 0, 0),
(33, 'Elective-I', 6, 'IT', 40, 60, 100, 0, 0, 0),
(34, 'Interdisciplinary Course', 6, 'IT', 40, 60, 100, 0, 0, 0),
(35, 'Information and \r\nNetwork \r\nSecurity\r\nLaboratory', 6, 'IT', 0, 0, 0, 25, 25, 0),
(36, 'Microcontroller & Embedded Systems Laboratory', 6, 'IT', 0, 0, 0, 25, 0, 25),
(37, 'Data Mining\r\nLaboratory', 6, 'IT', 0, 0, 0, 25, 0, 25),
(38, 'Development \r\nFrame works\r\nLaboratory', 6, 'IT', 0, 0, 0, 25, 0, 25),
(39, 'Elective-I', 6, 'IT', 0, 0, 0, 25, 0, 25);

-- --------------------------------------------------------

--
-- Table structure for table `faculty`
--

CREATE TABLE `faculty` (
  `f_id` int(100) NOT NULL,
  `f-name` varchar(100) NOT NULL,
  `f_username` varchar(100) NOT NULL,
  `f_password` varchar(100) NOT NULL,
  `sub1_name` varchar(100) NOT NULL,
  `sub2_name` varchar(100) NOT NULL,
  `sub3_name` varchar(100) NOT NULL,
  `sub4_name` varchar(100) NOT NULL,
  `sub5_name` varchar(100) NOT NULL,
  `sub6_name` varchar(100) NOT NULL
) ENGINE=InnoDB DEFAULT CHARSET=latin1;

--
-- Dumping data for table `faculty`
--

INSERT INTO `faculty` (`f_id`, `f-name`, `f_username`, `f_password`, `sub1_name`, `sub2_name`, `sub3_name`, `sub4_name`, `sub5_name`, `sub6_name`) VALUES
(101, 'Era Johri', 'Era_Johri', 'tae1@ta%p', 'Operating System', 'Data Structures', '', '', '', ''),
(102, 'Chirag Desai', 'Chirag_Desai', 'tae1@ta%p', 'Computer Graphics', 'Applied Physics-1', '', '', '', ''),
(103, 'Sunayana Jadhav', 'Sunayana_Jadhav', 'tae1@ta%p', 'OOSE', 'Engineering Mathematics-3', '', '', '', ''),
(104, 'Sagar Korde', 'Sagar_Korde', 'tae1@ta%p', 'DBMS', 'Engineering Graphics', '', '', '', ''),
(105, 'Purnima Ahirao', 'Purnima_Ahirao', 'tae1@ta%p', 'TOC', 'SQA', '', '', '', ''),
(106, 'Leena Sahu', 'Leena_Sahu', 'tae1@ta%p', 'ITC', 'Modeling Simulation', '', '', '', ''),
(107, 'Ashwini Dalvi', 'Ashwini_Dalvi', 'tae1@ta%p', 'Big Data', 'Web Programming-II', 'DLDA', '', '', '');

-- --------------------------------------------------------

--
-- Table structure for table `semester`
--

CREATE TABLE `semester` (
  `sem_id` int(2) NOT NULL,
  `sem` int(2) NOT NULL
) ENGINE=InnoDB DEFAULT CHARSET=latin1;

--
-- Dumping data for table `semester`
--

INSERT INTO `semester` (`sem_id`, `sem`) VALUES
(1, 1),
(2, 2),
(3, 3),
(4, 4),
(5, 5),
(6, 6),
(7, 7),
(8, 8);

-- --------------------------------------------------------

--
-- Table structure for table `student`
--

CREATE TABLE `student` (
  `st_id` int(100) NOT NULL,
  `st_name` varchar(100) NOT NULL,
  `rollno` int(20) NOT NULL,
  `sem_id` int(3) NOT NULL,
  `st_div` varchar(3) NOT NULL,
  `batch` varchar(3) NOT NULL,
  `email` varchar(100) NOT NULL,
  `password` varchar(100) NOT NULL,
  `parents_email` varchar(100) NOT NULL
) ENGINE=InnoDB DEFAULT CHARSET=latin1;

--
-- Dumping data for table `student`
--

INSERT INTO `student` (`st_id`, `st_name`, `rollno`, `sem_id`, `st_div`, `batch`, `email`, `password`, `parents_email`) VALUES
(1, 'Shubham Chavan', 1414088, 5, 'B', 'B4', 'shubham.vc@somaiya.edu', 'somaiya@2018', 'shubham.vc@somaiya.edu'),
(2, 'Parth Shah', 1724016, 5, 'B', 'B4', 'parth_shah@somaiya.edu', 'kjsce@2018', 'parth_shah@somaiya.edu'),
(3, 'Bhavya Gada', 1724018, 5, 'B', 'B4', 'bsg@somaiya.edu', 'somaiya@2017', 'bsg@somaiya.edu'),
(4, 'Saurabh Mestry', 1724021, 1, 'B', 'B4', 'saurabh.mestry@somaiya.edu', 'Somaiya@2017', 'saurabh.mestry@somaiya.edu'),
(5, 'Amit Pandey', 1724011, 1, 'B', 'B4', 'amit15@somaiya.edu', 'somaiya@2017', 'amit15@somaiya.edu'),
(6, 'Akshat Sarvaiya', 1724015, 3, 'B', 'B4', 'akshat.sarvaiya@somaiya.edu', 'kjsce@2017', 'akshat.sarvaiya@somaiya.edu'),
(7, 'Jayesh Karvir', 1614124, 3, 'B', 'B4', 'jayesh.karvir@somaiya.edu', 'somaiya@2016', 'jayesh.karvir@somaiya.edu'),
(8, 'Yash Gill', 1724020, 7, 'B', 'B4', 'yash.gill@somaiya.edu', 'yash@2017', 'yash.gill@somaiya.edu'),
(9, 'Harshil shah', 1724017, 3, 'B', 'B4', 'harshil.as@somaiya.edu', 'harshil@2017', 'harshil.as@somaiya.edu'),
(10, 'Varun Parmar', 1614122, 1, 'B', 'B4', 'varun.pp@somaiya.edu', 'varun@2017', 'varun.pp@somaiya.edu'),
(11, 'Gaurav Chawhan\r\n', 1724004, 1, 'B', 'B4', 'gaurav.chawhan@somaiya.edu\r\n', 'kjsce@123', 'gaurav.chawhan@somaiya.edu\r\n'),
(12, 'Raihan Siddiqui\r\n', 1614104, 1, 'B', 'B4', 'raihan.s@somaiya.edu\r\n', 'kjsce@123', 'raihan.s@somaiya.edu'),
(13, 'Rishabh Jain', 1724013, 3, 'A', 'A3', 'rishabh28@somaiya.edu\r\n', 'kjsce@123', 'rishabh28@somaiya.edu\r\n'),
(14, 'Rahil Memon\r\n', 1724002, 3, 'A', 'A2', 'rahil.memon@somaiya.edu\r\n', 'kjsce@123', 'rahil.memon@somaiya.edu\r\n'),
(15, 'Harsh Parekh\r\n', 1724014, 7, 'A', 'A3', 'harsh.parekh@somaiya.edu\r\n', 'kjsce@123', 'harsh.parekh@somaiya.edu\r\n'),
(16, 'Hitansh Shah\r\n', 1614105, 3, 'B', 'B2', 'hitansh.vs@somaiya.edu\r\n', 'kjsce@123', 'hitansh.vs@somaiya.edu\r\n'),
(17, 'Harshil Gogri\r\n', 1614074, 5, 'B', 'B2', 'harshil.gogri@somaiya.edu\r\n', 'kjsce@123', 'harshil.gogri@somaiya.edu\r\n'),
(18, 'Prathamesh Tambe\r\n', 1624009, 3, 'A', 'A4', 'prathamesh.tambe@somaiya.edu\r\n', 'kjsce@123', 'prathamesh.tambe@somaiya.edu\r\n'),
(19, 'Bhagyashree Sawant\r\n', 1724009, 5, 'A', 'A4', 'bhagyashree.es@somaiya.edu\r\n', 'kjsce@123', 'bhagyashree.es@somaiya.edu\r\n'),
(20, 'Jishna Jayan\r\n', 1614064, 5, 'B', 'B1', 'jishna.t@somaiya.edu\r\n', 'kjsce@123', 'jishna.t@somaiya.edu\r\n'),
(21, 'Geeta Kukreja\r\n', 1724023, 1, 'A', 'A4', 'geeta.kukreja@somaiya.edu\r\n', 'kjsce@123', 'geeta.kukreja@somaiya.edu\r\n'),
(22, 'Meer Shah\r\n', 1724007, 3, 'A', 'A3', 'meer.s@somaiya.edu\r\n', 'kjsce@123', 'meer.s@somaiya.edu\r\n'),
(23, 'Adarsh Totla\r\n', 1614102, 3, 'B', 'B3', 'adarsh.totla@somaiya.edu\r\n', 'kjsce@123', 'adarsh.totla@somaiya.edu\r\n'),
(24, 'Darshan Goswami\r\n', 1724001, 5, 'B', 'B1', 'darshan.ng@somaiya.edu\r\n', 'kjsce@123', 'darshan.ng@somaiya.edu\r\n'),
(25, 'Samruddhi Zagade\r\n', 1614118, 3, 'B', 'B2', 'samruddhi.z@somaiya.edu\r\n', 'kjsce@123', 'samruddhi.z@somaiya.edu\r\n'),
(26, 'Palak Shah', 1724003, 5, 'A', 'A4', 'palak26@somaiya.edu\r\n', 'kjsce@123', 'palak26@somaiya.edu\r\n\r\n'),
(27, 'Stuti Mangalvedhe\r\n', 1614085, 5, 'B', 'B3', 'stuti.m@somaiya.edu\r\n', 'kjsce@123', 'stuti.m@somaiya.edu\r\n'),
(28, 'Moinuddin \r\n', 1614067, 3, 'B', 'B2', 'moinuddin.ub@somaiya.edu\r\n', 'kjsce@123', 'moinuddin.ub@somaiya.edu\r\n'),
(29, 'Shubham Tawde\r\n', 1614116, 3, 'A', 'A2', 's.tawde@somaiya.edu\r\n', 'kjsce@123', 's.tawde@somaiya.edu\r\n'),
(30, 'Karan Prajapati\r\n', 1614101, 5, 'B', 'B2', 'prajapati.kn@somaiya.edu\r\n', 'kjsce@123', 'prajapati.kn@somaiya.edu\r\n'),
(31, 'Rishabh Lalla\r\n', 1724010, 3, 'A', 'A4', 'rishabh.l@somaiya.edu\r\n', 'kjsce@123', 'rishabh.l@somaiya.edu\r\n'),
(32, 'Anuya Padte\r\n', 1614094, 3, 'B', 'B1', 'anuya.padte@somaiya.edu\r\n', 'kjsce@123', 'anuya.padte@somaiya.edu\r\n'),
(33, 'Siddharth Vaghela\r\n', 1614115, 3, 'B', 'B3', 'siddharth.pv@somaiya.edu\r\n', 'kjsce@123', 'siddharth.pv@somaiya.edu\r\n'),
(34, 'Yash Naik\r\n', 1614093, 3, 'B', 'B3', 'y.naik@somaiya.edu\r\n', 'kjsce@123', 'y.naik@somaiya.edu\r\n'),
(35, 'Meet Shah\r\n', 1614107, 5, 'B', 'B3', 'meet19@somaiya.edu\r\n', 'kjsce@123', 'meet19@somaiya.edu\r\n');

-- --------------------------------------------------------

--
-- Table structure for table `subjects`
--

CREATE TABLE `subjects` (
  `sub_id` int(100) NOT NULL,
  `sub_name` varchar(100) NOT NULL,
  `sem_id` int(3) NOT NULL,
  `sub_code` varchar(10) NOT NULL
) ENGINE=InnoDB DEFAULT CHARSET=latin1;

--
-- Dumping data for table `subjects`
--

INSERT INTO `subjects` (`sub_id`, `sub_name`, `sem_id`, `sub_code`) VALUES
(1, 'Engineering Mathematics-1', 1, '1'),
(2, 'Applied Physics-1', 1, '2'),
(3, 'Engineering Mathematics-2', 2, '3'),
(4, 'Applied Physics-2', 2, '4'),
(5, 'Engineering Mathematics-3', 3, '5'),
(6, 'Data Structures', 3, '6'),
(7, 'Engineering Mathematics-4', 4, '7'),
(8, 'Analysis of Algorithm', 4, '8'),
(9, 'OOSE', 5, '9'),
(10, 'Computer Graphics', 5, '10'),
(11, 'Operating System', 5, '11'),
(12, 'ITC', 5, '12'),
(13, 'Web Programming-II', 5, '13'),
(14, 'Information\r\nand Network\r\nSecurity', 6, '14'),
(15, 'Microcontroller and\r\nEmbedded\r\nSystems\r\n', 6, '15'),
(16, 'Data Mining', 6, '16'),
(17, 'Development\r\nFrameworks', 6, '17'),
(18, 'SQA', 7, '18'),
(19, 'Artificial\r\nIntelligence', 7, '19'),
(20, 'Modeling Simulation', 7, '20'),
(21, 'Big Data', 7, '21'),
(22, 'Software Project\r\nManagement', 8, '22'),
(23, 'Cloud Computing', 8, '23'),
(24, 'Soft Computing', 8, '24'),
(25, 'Applied\r\nChemistry I', 1, '25'),
(26, 'Engineering\r\nGraphics', 1, '26'),
(27, 'Basic\r\nElectrical and\r\nElectronics\r\nEngineering', 1, '27'),
(28, 'Engineering\r\nMechanics ', 2, '28'),
(29, 'Fundamentals\r\nof Computer\r\nProgramming ', 2, '29'),
(30, 'Applied\r\nChemistry II', 2, '30'),
(31, 'DBMS', 3, '31'),
(32, 'DLDA', 3, '32'),
(33, 'TOC', 3, '33'),
(34, 'Data\r\nCommunication and\r\nNetworking', 4, '34'),
(35, 'Computer\r\nOrganization and\r\nArchitecture', 4, '35'),
(36, 'Web Programming I', 4, '36');

--
-- Indexes for dumped tables
--

--
-- Indexes for table `admin`
--
ALTER TABLE `admin`
  ADD PRIMARY KEY (`A_id`),
  ADD UNIQUE KEY `A_password` (`A_password`);

--
-- Indexes for table `cgpa`
--
ALTER TABLE `cgpa`
  ADD PRIMARY KEY (`sub_id`);

--
-- Indexes for table `faculty`
--
ALTER TABLE `faculty`
  ADD PRIMARY KEY (`f_id`),
  ADD KEY `sub1_id` (`sub1_name`),
  ADD KEY `sub2_id` (`sub2_name`),
  ADD KEY `sub3_id` (`sub3_name`),
  ADD KEY `sub4_id` (`sub4_name`),
  ADD KEY `sub5_id` (`sub5_name`),
  ADD KEY `sub6_id` (`sub6_name`);

--
-- Indexes for table `semester`
--
ALTER TABLE `semester`
  ADD PRIMARY KEY (`sem_id`),
  ADD UNIQUE KEY `sem` (`sem`);

--
-- Indexes for table `student`
--
ALTER TABLE `student`
  ADD PRIMARY KEY (`st_id`),
  ADD UNIQUE KEY `email` (`email`),
  ADD UNIQUE KEY `parents_email` (`parents_email`),
  ADD KEY `sem_id` (`sem_id`);

--
-- Indexes for table `subjects`
--
ALTER TABLE `subjects`
  ADD PRIMARY KEY (`sub_id`),
  ADD UNIQUE KEY `sub_code` (`sub_code`),
  ADD KEY `sem_id` (`sem_id`),
  ADD KEY `sem_id_2` (`sem_id`);

--
-- AUTO_INCREMENT for dumped tables
--

--
-- AUTO_INCREMENT for table `faculty`
--
ALTER TABLE `faculty`
  MODIFY `f_id` int(100) NOT NULL AUTO_INCREMENT, AUTO_INCREMENT=108;

--
-- Constraints for dumped tables
--

--
-- Constraints for table `student`
--
ALTER TABLE `student`
  ADD CONSTRAINT `st_sem_fk` FOREIGN KEY (`sem_id`) REFERENCES `semester` (`sem_id`);

--
-- Constraints for table `subjects`
--
ALTER TABLE `subjects`
  ADD CONSTRAINT `sub_sem_fk` FOREIGN KEY (`sem_id`) REFERENCES `semester` (`sem_id`);
COMMIT;

/*!40101 SET CHARACTER_SET_CLIENT=@OLD_CHARACTER_SET_CLIENT */;
/*!40101 SET CHARACTER_SET_RESULTS=@OLD_CHARACTER_SET_RESULTS */;
/*!40101 SET COLLATION_CONNECTION=@OLD_COLLATION_CONNECTION */;
